id,name,slug,description,parent_category_id,category_level,is_active,display_order,icon_url,created_at,updated_at
"cfa4eb60-10a4-4447-b38d-03b392896439","HOME SERVICES","home-services","Home maintenance and improvement services","",1,true,1,"https://gigmarket.s3.ap-northeast-2.amazonaws.com/icons/service/Main+Services/home+services.png","Sun Nov 16 2025 02:16:14 GMT+0000 (Coordinated Universal Time)","Thu Dec 25 2025 02:40:02 GMT+0000 (Coordinated Universal Time)"
"96b65205-1fff-4240-ace0-0e16fcd29a3d","Lawn Mowing","lawn-mowing","Professional lawn mowing and grass cutting service","81850b6f-3deb-4d24-8912-460c6c7a2d4e",1,true,1,"https://gigmarket.s3.ap-northeast-2.amazonaws.com/icons/service/Home+Services/Lawn+Mowing.png","Mon Dec 08 2025 13:30:47 GMT+0000 (Coordinated Universal Time)","Sat Jan 17 2026 02:14:26 GMT+0000 (Coordinated Universal Time)"
"5d05a0b5-79e6-4a5a-870f-ed318dc61757","Refrigerator Repair","refrigerator-repair","Expert refrigerator repair and maintenance service","1a13e4d7-d212-4664-85ca-60e374f16e8b",1,true,1,"","Mon Dec 08 2025 13:30:47 GMT+0000 (Coordinated Universal Time)","Thu Dec 25 2025 02:39:45 GMT+0000 (Coordinated Universal Time)"
"5700a227-b605-44ed-8939-827beb55a823","Termite Treatment","termite-treatment","Professional termite treatment and prevention service","77522675-8c97-455d-a57e-066fed2992f8",1,true,1,"","Mon Dec 08 2025 13:30:46 GMT+0000 (Coordinated Universal Time)","Thu Dec 25 2025 02:39:45 GMT+0000 (Coordinated Universal Time)"
"6138fe3e-6dd7-4d02-907d-9d4a65fc903a","Tiling Services","tiling-services","Professional tiling installation and repair service","0ebce594-b17f-4a13-a1af-280b18b485f9",1,true,1,"https://gigmarket.s3.ap-northeast-2.amazonaws.com/icons/service/Home+Services/Tiling+Services.png","Mon Dec 08 2025 13:30:47 GMT+0000 (Coordinated Universal Time)","Sat Jan 17 2026 02:14:26 GMT+0000 (Coordinated Universal Time)"
"da86ec20-d5ba-4d86-9ef2-d7f24065a100","Cockroach Extermination","cockroach-extermination","Effective cockroach extermination and prevention service","77522675-8c97-455d-a57e-066fed2992f8",1,true,2,"","Mon Dec 08 2025 13:30:47 GMT+0000 (Coordinated Universal Time)","Thu Dec 25 2025 02:39:45 GMT+0000 (Coordinated Universal Time)"
"b16899ac-efae-4a95-aaba-13d66dfebac5","Garden Maintenance","garden-maintenance","Regular garden maintenance and care service","81850b6f-3deb-4d24-8912-460c6c7a2d4e",1,true,2,"https://gigmarket.s3.ap-northeast-2.amazonaws.com/icons/service/Home+Services/Garden+Maintenance.png","Mon Dec 08 2025 13:30:47 GMT+0000 (Coordinated Universal Time)","Sat Jan 17 2026 02:14:26 GMT+0000 (Coordinated Universal Time)"
"e9666520-8bf6-4744-a1bc-761853fbdeb7","Home Waterproofing","home-waterproofing","Professional waterproofing services for homes","0ebce594-b17f-4a13-a1af-280b18b485f9",1,true,2,"https://gigmarket.s3.ap-northeast-2.amazonaws.com/icons/service/Home+Services/Waterproofing.png","Mon Dec 08 2025 13:33:26 GMT+0000 (Coordinated Universal Time)","Sat Jan 17 2026 02:14:26 GMT+0000 (Coordinated Universal Time)"
"e7edf7eb-3735-4951-8f7c-a6e4ff06d7b5","PERSONAL SERVICES","personal-services","Personal care and wellness services","",1,true,2,"https://gigmarket.s3.ap-northeast-2.amazonaws.com/icons/service/Main+Services/personal+services.png","Sun Nov 16 2025 02:16:14 GMT+0000 (Coordinated Universal Time)","Thu Dec 25 2025 02:40:02 GMT+0000 (Coordinated Universal Time)"
"01a922e3-682f-47d9-9499-7d32833187d2","Washing Machine Repair","washing-machine-repair","Professional washing machine repair service","1a13e4d7-d212-4664-85ca-60e374f16e8b",1,true,2,"","Mon Dec 08 2025 13:30:47 GMT+0000 (Coordinated Universal Time)","Thu Dec 25 2025 02:39:45 GMT+0000 (Coordinated Universal Time)"
"d144a648-fe5d-422f-ad72-1067798355f3","EVENTS SERVICES","events-services","Event planning and entertainment services","",1,true,3,"https://gigmarket.s3.ap-northeast-2.amazonaws.com/icons/service/Main+Services/event+services.png","Sun Nov 16 2025 02:16:14 GMT+0000 (Coordinated Universal Time)","Thu Dec 25 2025 02:40:02 GMT+0000 (Coordinated Universal Time)"
"a417830d-eedf-4ec0-9638-134116569451","Masonry Work","masonry-work","Expert masonry and stonework services","0ebce594-b17f-4a13-a1af-280b18b485f9",1,true,3,"https://gigmarket.s3.ap-northeast-2.amazonaws.com/icons/service/Home+Services/Masonry+Works.png","Mon Dec 08 2025 13:33:26 GMT+0000 (Coordinated Universal Time)","Sat Jan 17 2026 02:14:26 GMT+0000 (Coordinated Universal Time)"
"f4f1d3c3-62c8-4019-b6dd-4df483a1e4e2","Rat/Mice Control","rat-mice-control","Professional rat and mice control and removal service","77522675-8c97-455d-a57e-066fed2992f8",1,true,3,"","Mon Dec 08 2025 13:30:47 GMT+0000 (Coordinated Universal Time)","Thu Dec 25 2025 02:39:45 GMT+0000 (Coordinated Universal Time)"
"8cee2b60-eb05-414f-8b58-dfa10b2d2897","Stove/Oven Repair","stove-oven-repair","Expert stove and oven repair service","1a13e4d7-d212-4664-85ca-60e374f16e8b",1,true,3,"","Mon Dec 08 2025 13:30:47 GMT+0000 (Coordinated Universal Time)","Thu Dec 25 2025 02:39:45 GMT+0000 (Coordinated Universal Time)"
"bca02821-1282-4e96-bb08-3628cde63a88","Tree Trimming","tree-trimming","Professional tree trimming and pruning service","81850b6f-3deb-4d24-8912-460c6c7a2d4e",1,true,3,"https://gigmarket.s3.ap-northeast-2.amazonaws.com/icons/service/Home+Services/Tree+Trimming.png","Mon Dec 08 2025 13:30:47 GMT+0000 (Coordinated Universal Time)","Sat Jan 17 2026 02:14:26 GMT+0000 (Coordinated Universal Time)"
"254884dc-81a8-4e81-b8a7-b9df777c7fa8","Bed Bug Treatment","bed-bug-treatment","Comprehensive bed bug treatment and elimination service","77522675-8c97-455d-a57e-066fed2992f8",1,true,4,"","Mon Dec 08 2025 13:30:47 GMT+0000 (Coordinated Universal Time)","Thu Dec 25 2025 02:39:45 GMT+0000 (Coordinated Universal Time)"
"a9d17cc5-bdfb-41e6-a43f-0e838b39fb2d","FREELANCE & DIGITAL SERVICES","freelance-digital-services","Digital and freelance services","",1,true,4,"https://gigmarket.s3.ap-northeast-2.amazonaws.com/icons/service/Main+Services/freelance+and+digital+services.png","Sun Nov 16 2025 02:16:14 GMT+0000 (Coordinated Universal Time)","Thu Dec 25 2025 02:40:02 GMT+0000 (Coordinated Universal Time)"
"b6aebb96-0d79-48b7-9277-b1824f914a9f","Landscaping Design","landscaping-design","Landscape design and planning service","81850b6f-3deb-4d24-8912-460c6c7a2d4e",1,true,4,"https://gigmarket.s3.ap-northeast-2.amazonaws.com/icons/service/Home+Services/Landscaping+Design.png","Mon Dec 08 2025 13:30:47 GMT+0000 (Coordinated Universal Time)","Sat Jan 17 2026 02:14:26 GMT+0000 (Coordinated Universal Time)"
"619243bb-9303-489f-a225-e6766cbf0884","Microwave Repair","microwave-repair","Professional microwave repair service","1a13e4d7-d212-4664-85ca-60e374f16e8b",1,true,4,"","Mon Dec 08 2025 13:30:47 GMT+0000 (Coordinated Universal Time)","Thu Dec 25 2025 02:39:45 GMT+0000 (Coordinated Universal Time)"
"1c1c14a0-0948-4efe-a0c8-4ba5f7fe98af","Welding Services","welding-services","Professional welding and metalwork services","0ebce594-b17f-4a13-a1af-280b18b485f9",1,true,4,"https://gigmarket.s3.ap-northeast-2.amazonaws.com/icons/service/Home+Services/Welding+Services.png","Mon Dec 08 2025 13:33:26 GMT+0000 (Coordinated Universal Time)","Sat Jan 17 2026 02:14:26 GMT+0000 (Coordinated Universal Time)"
"8ffc9b8d-5161-4f54-afac-0e1be4a1c73d","General Handyman Services","general-handyman-services","General handyman and repair services","0ebce594-b17f-4a13-a1af-280b18b485f9",1,true,5,"https://gigmarket.s3.ap-northeast-2.amazonaws.com/icons/service/Home+Services/General+Handyman+Services.png","Mon Dec 08 2025 13:33:26 GMT+0000 (Coordinated Universal Time)","Sat Jan 17 2026 02:14:26 GMT+0000 (Coordinated Universal Time)"
"0059df9a-5a05-4268-8ee8-d334cfcfd388","General Pest Prevention","general-pest-prevention","General pest prevention and control service","77522675-8c97-455d-a57e-066fed2992f8",1,true,5,"","Mon Dec 08 2025 13:30:47 GMT+0000 (Coordinated Universal Time)","Thu Dec 25 2025 02:39:45 GMT+0000 (Coordinated Universal Time)"
"7fa40c2f-3c4c-4a51-8255-dd2a659f2bd5","Plant Care","plant-care","Professional plant care and maintenance service","81850b6f-3deb-4d24-8912-460c6c7a2d4e",1,true,5,"https://gigmarket.s3.ap-northeast-2.amazonaws.com/icons/service/Home+Services/Plant+Care.png","Mon Dec 08 2025 13:30:47 GMT+0000 (Coordinated Universal Time)","Sat Jan 17 2026 02:14:26 GMT+0000 (Coordinated Universal Time)"
"6e970173-6bfa-43bd-9c1e-c0ae6dffeede","Small Appliance Repair","small-appliance-repair","Repair service for small household appliances","1a13e4d7-d212-4664-85ca-60e374f16e8b",1,true,5,"","Mon Dec 08 2025 13:30:47 GMT+0000 (Coordinated Universal Time)","Thu Dec 25 2025 02:39:45 GMT+0000 (Coordinated Universal Time)"
"553a0842-ff3e-4813-a4bd-3fe59d65f6c8","Cleaning Services","cleaning-services","Professional cleaning services for your home","cfa4eb60-10a4-4447-b38d-03b392896439",2,true,1,"https://gigmarket.s3.ap-northeast-2.amazonaws.com/icons/service/Home+Services/gardening+and+landscaping+services.png","Sun Nov 16 2025 02:16:14 GMT+0000 (Coordinated Universal Time)","Sat Jan 17 2026 02:13:55 GMT+0000 (Coordinated Universal Time)"
"1ddc3176-227b-4224-a0b5-8c889a59b3ec","Education & Tutoring","education-tutoring","Academic and skill-based tutoring","e7edf7eb-3735-4951-8f7c-a6e4ff06d7b5",2,true,1,"https://gigmarket.s3.ap-northeast-2.amazonaws.com/icons/service/Personal+Services/education+%26+training+services.png","Sun Nov 16 2025 02:16:14 GMT+0000 (Coordinated Universal Time)","Thu Dec 25 2025 02:40:02 GMT+0000 (Coordinated Universal Time)"
"1cc26419-27e4-406e-893d-646b9bd87b86","Graphic Design","graphic-design","Logo design, Business card design, Flyer/poster design, Social media graphics, Packaging design, Banner/tarpaulin design, Branding/brand identity, Illustration services","a9d17cc5-bdfb-41e6-a43f-0e838b39fb2d",2,true,1,"https://gigmarket.s3.ap-northeast-2.amazonaws.com/icons/service/Freelance+%26+Digital+Services/graphic+design+services.png","Sun Nov 16 2025 02:16:14 GMT+0000 (Coordinated Universal Time)","Thu Dec 25 2025 02:40:02 GMT+0000 (Coordinated Universal Time)"
"4de64efb-afaf-4c4b-95b3-b6fb81b25dbe","Photography Services","photography-services","Professional photography services","d144a648-fe5d-422f-ad72-1067798355f3",2,true,1,"https://gigmarket.s3.ap-northeast-2.amazonaws.com/icons/service/Events+Services/photography+services.png","Sun Nov 16 2025 02:16:14 GMT+0000 (Coordinated Universal Time)","Thu Dec 25 2025 02:40:02 GMT+0000 (Coordinated Universal Time)"
"605125a0-f512-42bd-928b-23c04da4f36c","Fitness & Wellness","fitness-wellness","Personal training and wellness services","e7edf7eb-3735-4951-8f7c-a6e4ff06d7b5",2,true,2,"https://gigmarket.s3.ap-northeast-2.amazonaws.com/icons/service/Personal+Services/fitness+and+wellness+services.png","Sun Nov 16 2025 02:16:14 GMT+0000 (Coordinated Universal Time)","Thu Dec 25 2025 02:40:02 GMT+0000 (Coordinated Universal Time)"
"410765f9-6785-497b-8f0a-9fcd08b8cd25","Plumbing Services","plumbing-services","Professional plumbing solutions","cfa4eb60-10a4-4447-b38d-03b392896439",2,true,2,"https://gigmarket.s3.ap-northeast-2.amazonaws.com/icons/service/Home+Services/plumbing+services.png","Sun Nov 16 2025 02:16:14 GMT+0000 (Coordinated Universal Time)","Thu Dec 25 2025 02:40:02 GMT+0000 (Coordinated Universal Time)"
"cb2f5313-81ab-45f2-82fb-c3a6765404fa","Videography Services","videography-services","Wedding videography, Event videography, Corporate video production, Music video production, Drone videography, Video editing services","d144a648-fe5d-422f-ad72-1067798355f3",2,true,2,"https://gigmarket.s3.ap-northeast-2.amazonaws.com/icons/service/Events+Services/videography+services.png","Sun Nov 16 2025 02:16:14 GMT+0000 (Coordinated Universal Time)","Thu Dec 25 2025 02:40:02 GMT+0000 (Coordinated Universal Time)"
"e4527bbc-7a1a-4786-9340-7b0244fa43f7","Writing & Content","writing-content","Content writing and translation services","a9d17cc5-bdfb-41e6-a43f-0e838b39fb2d",2,true,2,"https://gigmarket.s3.ap-northeast-2.amazonaws.com/icons/service/Freelance+%26+Digital+Services/content+writing.png","Sun Nov 16 2025 02:16:14 GMT+0000 (Coordinated Universal Time)","Thu Dec 25 2025 02:40:02 GMT+0000 (Coordinated Universal Time)"
"6cd67a8a-033d-4ddf-aeb7-050515f3bdd4","Beauty & Grooming","beauty-grooming","Beauty and personal care services","e7edf7eb-3735-4951-8f7c-a6e4ff06d7b5",2,true,3,"https://gigmarket.s3.ap-northeast-2.amazonaws.com/icons/service/Personal+Services/beauty+%26+grooming+services.png","Sun Nov 16 2025 02:16:14 GMT+0000 (Coordinated Universal Time)","Thu Dec 25 2025 02:40:02 GMT+0000 (Coordinated Universal Time)"
"6a9ba128-f86f-4047-8254-8e4282ab0446","Catering Services","catering-services","Professional catering services","d144a648-fe5d-422f-ad72-1067798355f3",2,true,3,"https://gigmarket.s3.ap-northeast-2.amazonaws.com/icons/service/Events+Services/catering+services.png","Sun Nov 16 2025 02:16:14 GMT+0000 (Coordinated Universal Time)","Thu Dec 25 2025 02:40:02 GMT+0000 (Coordinated Universal Time)"
"10bb9073-63af-43e8-bd54-3d8a40638fc6","Electrical Services","electrical-services","Professional electrical services","cfa4eb60-10a4-4447-b38d-03b392896439",2,true,3,"https://gigmarket.s3.ap-northeast-2.amazonaws.com/icons/service/Home+Services/electrical+services.png","Sun Nov 16 2025 02:16:14 GMT+0000 (Coordinated Universal Time)","Thu Dec 25 2025 02:40:02 GMT+0000 (Coordinated Universal Time)"
"d0e27776-8308-47d6-ac13-3cec55676cca","Virtual Assistant Services","virtual-assistant-services","Administrative support, Email management, Calendar/schedule management, Data entry, Customer service support, Social media management","a9d17cc5-bdfb-41e6-a43f-0e838b39fb2d",2,true,3,"https://gigmarket.s3.ap-northeast-2.amazonaws.com/icons/service/Freelance+%26+Digital+Services/virtual+assistant.png","Sun Nov 16 2025 02:16:14 GMT+0000 (Coordinated Universal Time)","Thu Dec 25 2025 02:40:02 GMT+0000 (Coordinated Universal Time)"
"cbe62ee8-3105-4111-8a2d-3460df86be2b","Air Conditioning Services","air-conditioning-services","AC cleaning, repair and maintenance","cfa4eb60-10a4-4447-b38d-03b392896439",2,true,4,"https://gigmarket.s3.ap-northeast-2.amazonaws.com/icons/service/Home+Services/air+conditioning+service.png","Sun Nov 16 2025 02:16:14 GMT+0000 (Coordinated Universal Time)","Thu Dec 25 2025 02:40:02 GMT+0000 (Coordinated Universal Time)"
"17ce24e7-7633-4356-b921-bda2846848d6","Childcare","childcare","Babysitting, Nanny services, Homework assistance, Child transportation","e7edf7eb-3735-4951-8f7c-a6e4ff06d7b5",2,true,4,"https://gigmarket.s3.ap-northeast-2.amazonaws.com/icons/service/Personal+Services/childcare.png","Sun Nov 16 2025 02:16:14 GMT+0000 (Coordinated Universal Time)","Thu Dec 25 2025 02:40:02 GMT+0000 (Coordinated Universal Time)"
"460d6e61-d533-4b87-9ebc-a5fd2522daee","Event Planning","event-planning","Wedding planning, Birthday party planning, Corporate event planning, Event coordination, Venue decoration","d144a648-fe5d-422f-ad72-1067798355f3",2,true,4,"https://gigmarket.s3.ap-northeast-2.amazonaws.com/icons/service/Events+Services/event+planning+services.png","Sun Nov 16 2025 02:16:14 GMT+0000 (Coordinated Universal Time)","Thu Dec 25 2025 02:40:02 GMT+0000 (Coordinated Universal Time)"
"fe10d297-2843-49d7-9b97-f16456a43e82","Web Development","web-development","Website design, WordPress development, E-commerce setup (Shopify, WooCommerce), Website maintenance, Landing page design, UI/UX design","a9d17cc5-bdfb-41e6-a43f-0e838b39fb2d",2,true,4,"https://gigmarket.s3.ap-northeast-2.amazonaws.com/icons/service/Freelance+%26+Digital+Services/web+development+services.png","Sun Nov 16 2025 02:16:14 GMT+0000 (Coordinated Universal Time)","Thu Dec 25 2025 02:40:02 GMT+0000 (Coordinated Universal Time)"
"64efa6b6-04cf-4a75-980e-9d918b89f1a0","Carpentry Services","carpentry-services","Custom carpentry and woodworking","cfa4eb60-10a4-4447-b38d-03b392896439",2,true,5,"https://gigmarket.s3.ap-northeast-2.amazonaws.com/icons/service/Home+Services/carpentry.png","Sun Nov 16 2025 02:16:14 GMT+0000 (Coordinated Universal Time)","Thu Dec 25 2025 02:40:02 GMT+0000 (Coordinated Universal Time)"
"dce32a15-d1ed-4976-9d2d-77c3cbe009ca","Digital Marketing","digital-marketing","Social media marketing, Facebook ads management, Google ads management, SEO services, Email marketing, Influencer coordination","a9d17cc5-bdfb-41e6-a43f-0e838b39fb2d",2,true,5,"https://gigmarket.s3.ap-northeast-2.amazonaws.com/icons/service/Freelance+%26+Digital+Services/digital+marketing+services.png","Sun Nov 16 2025 02:16:14 GMT+0000 (Coordinated Universal Time)","Thu Dec 25 2025 02:40:02 GMT+0000 (Coordinated Universal Time)"
"d4108ad2-dc9e-48ad-aa97-259fb2adecb3","Eldercare","eldercare","Companion services, Personal care assistance, Medication reminders, Transportation assistance","e7edf7eb-3735-4951-8f7c-a6e4ff06d7b5",2,true,5,"https://gigmarket.s3.ap-northeast-2.amazonaws.com/icons/service/Personal+Services/eldercare+services.png","Sun Nov 16 2025 02:16:14 GMT+0000 (Coordinated Universal Time)","Thu Dec 25 2025 02:40:02 GMT+0000 (Coordinated Universal Time)"
"e2a259c9-6b84-49f2-a118-86aeafc9b579","Entertainment Services","entertainment-services","Event entertainment and AV services","d144a648-fe5d-422f-ad72-1067798355f3",2,true,5,"https://gigmarket.s3.ap-northeast-2.amazonaws.com/icons/service/Events+Services/entertainment+services.png","Sun Nov 16 2025 02:16:14 GMT+0000 (Coordinated Universal Time)","Thu Dec 25 2025 02:40:02 GMT+0000 (Coordinated Universal Time)"
"c3d47920-f325-440d-93da-ecb18af6d640","Painting Services","painting-services","Interior and exterior painting services","cfa4eb60-10a4-4447-b38d-03b392896439",2,true,6,"https://gigmarket.s3.ap-northeast-2.amazonaws.com/icons/service/Home+Services/painting+services.png","Sun Nov 16 2025 02:16:14 GMT+0000 (Coordinated Universal Time)","Thu Dec 25 2025 02:40:02 GMT+0000 (Coordinated Universal Time)"
"ef87a6d8-f85a-4944-b3b6-9d6224c85a62","Pet Care","pet-care","Dog walking, Pet sitting, Pet grooming, Pet training, Veterinary transportation","e7edf7eb-3735-4951-8f7c-a6e4ff06d7b5",2,true,6,"","Sun Nov 16 2025 02:16:14 GMT+0000 (Coordinated Universal Time)","Thu Dec 25 2025 02:39:45 GMT+0000 (Coordinated Universal Time)"
"35204a2a-ac43-4de7-afb2-4edcbd2bb973","Video & Photo Editing","video-photo-editing","Photo retouching/editing, Video editing, Color grading, Motion graphics, Subtitle/caption creation","a9d17cc5-bdfb-41e6-a43f-0e838b39fb2d",2,true,6,"https://gigmarket.s3.ap-northeast-2.amazonaws.com/icons/service/Freelance+%26+Digital+Services/video+%26+photo+editing+services.png","Sun Nov 16 2025 02:16:14 GMT+0000 (Coordinated Universal Time)","Thu Dec 25 2025 02:40:02 GMT+0000 (Coordinated Universal Time)"
"956747cd-6f86-4e67-8fd5-44058ecd3194","Business Services","business-services","Business and legal document services","a9d17cc5-bdfb-41e6-a43f-0e838b39fb2d",2,true,7,"https://gigmarket.s3.ap-northeast-2.amazonaws.com/icons/service/Business+Services/real+state+services.png","Sun Nov 16 2025 02:16:14 GMT+0000 (Coordinated Universal Time)","Thu Dec 25 2025 02:40:02 GMT+0000 (Coordinated Universal Time)"
"77522675-8c97-455d-a57e-066fed2992f8","Pest Control","pest-control","Professional pest control and extermination services","cfa4eb60-10a4-4447-b38d-03b392896439",2,true,7,"https://gigmarket.s3.ap-northeast-2.amazonaws.com/icons/service/Home+Services/pest+control+services.png","Sun Nov 16 2025 02:16:14 GMT+0000 (Coordinated Universal Time)","Thu Dec 25 2025 02:40:02 GMT+0000 (Coordinated Universal Time)"
"81850b6f-3deb-4d24-8912-460c6c7a2d4e","Gardening & Landscaping","gardening-landscaping","Professional gardening and landscaping services","cfa4eb60-10a4-4447-b38d-03b392896439",2,true,8,"https://gigmarket.s3.ap-northeast-2.amazonaws.com/icons/service/Home+Services/gardening+and+landscaping+services.png","Sun Nov 16 2025 02:16:14 GMT+0000 (Coordinated Universal Time)","Thu Dec 25 2025 02:40:02 GMT+0000 (Coordinated Universal Time)"
"1a13e4d7-d212-4664-85ca-60e374f16e8b","Appliance Repair","appliance-repair","Professional appliance repair services","cfa4eb60-10a4-4447-b38d-03b392896439",2,true,9,"https://gigmarket.s3.ap-northeast-2.amazonaws.com/icons/service/Home+Services/appliances+repair.png","Sun Nov 16 2025 02:16:14 GMT+0000 (Coordinated Universal Time)","Thu Dec 25 2025 02:40:02 GMT+0000 (Coordinated Universal Time)"
"0ebce594-b17f-4a13-a1af-280b18b485f9","Home Improvement","home-improvement","Professional home improvement services","cfa4eb60-10a4-4447-b38d-03b392896439",2,true,10,"https://gigmarket.s3.ap-northeast-2.amazonaws.com/icons/service/Home+Services/General+Handyman+Services.png","Sun Nov 16 2025 02:16:14 GMT+0000 (Coordinated Universal Time)","Sat Jan 17 2026 02:13:55 GMT+0000 (Coordinated Universal Time)"
"964f11f2-5f1b-435b-87cb-e6aa23a9fffe","Academic Tutoring","academic-tutoring","Academic tutoring services","1ddc3176-227b-4224-a0b5-8c889a59b3ec",3,true,1,"","Sun Nov 16 2025 02:16:14 GMT+0000 (Coordinated Universal Time)","Thu Dec 25 2025 02:39:45 GMT+0000 (Coordinated Universal Time)"
"0a9cbadd-fde5-4542-a273-b9b11472963c","Accounting & Bookkeeping","accounting-bookkeeping","Accounting and bookkeeping services","956747cd-6f86-4e67-8fd5-44058ecd3194",3,true,1,"https://gigmarket.s3.ap-northeast-2.amazonaws.com/icons/service/Business+Services/accouting+%26+bookkeeping+services.png","Sun Nov 16 2025 02:16:14 GMT+0000 (Coordinated Universal Time)","Thu Dec 25 2025 02:40:01 GMT+0000 (Coordinated Universal Time)"
"6bf6b204-c920-42ea-af1f-ffea72819f11","Aircon Cleaning","aircon-cleaning","Air conditioning cleaning services","cbe62ee8-3105-4111-8a2d-3460df86be2b",3,true,1,"https://gigmarket.s3.ap-northeast-2.amazonaws.com/icons/service/Home+Services/air+conditioning+service.png","Sun Nov 16 2025 02:16:14 GMT+0000 (Coordinated Universal Time)","Sat Jan 17 2026 02:14:26 GMT+0000 (Coordinated Universal Time)"
"27fc3756-287a-4571-a5fd-071015cc88ae","Content Writing","content-writing","Content writing services","e4527bbc-7a1a-4786-9340-7b0244fa43f7",3,true,1,"","Sun Nov 16 2025 02:16:14 GMT+0000 (Coordinated Universal Time)","Thu Dec 25 2025 02:39:45 GMT+0000 (Coordinated Universal Time)"
"0a29673e-6d00-419b-b87e-178f849c1666","Event Photography","event-photography","Event photography services","4de64efb-afaf-4c4b-95b3-b6fb81b25dbe",3,true,1,"","Sun Nov 16 2025 02:16:14 GMT+0000 (Coordinated Universal Time)","Thu Dec 25 2025 02:39:45 GMT+0000 (Coordinated Universal Time)"
"54c8b80b-ea11-440d-a0cc-74fe82eb3cc8","Full Catering","full-catering","Full catering services","6a9ba128-f86f-4047-8254-8e4282ab0446",3,true,1,"","Sun Nov 16 2025 02:16:14 GMT+0000 (Coordinated Universal Time)","Thu Dec 25 2025 02:39:45 GMT+0000 (Coordinated Universal Time)"
"af19d95c-7dd5-4045-bef5-216ca2e9b679","Furniture Services","furniture-services","Furniture related services","64efa6b6-04cf-4a75-980e-9d918b89f1a0",3,true,1,"https://gigmarket.s3.ap-northeast-2.amazonaws.com/icons/service/Home+Services/Furniture+Services.png","Sun Nov 16 2025 02:16:14 GMT+0000 (Coordinated Universal Time)","Sat Jan 17 2026 02:14:26 GMT+0000 (Coordinated Universal Time)"
"e78214e6-483f-4f50-85f9-9db4e0bd967a","General Electrical","general-electrical","General electrical services","10bb9073-63af-43e8-bd54-3d8a40638fc6",3,true,1,"https://gigmarket.s3.ap-northeast-2.amazonaws.com/icons/service/Home+Services/General+Electrical.png","Sun Nov 16 2025 02:16:14 GMT+0000 (Coordinated Universal Time)","Sat Jan 17 2026 02:14:26 GMT+0000 (Coordinated Universal Time)"
"e25eb515-f274-4410-bda3-4a4959182b62","General House Cleaning","general-house-cleaning","General house cleaning services","553a0842-ff3e-4813-a4bd-3fe59d65f6c8",3,true,1,"","Sun Nov 16 2025 02:16:14 GMT+0000 (Coordinated Universal Time)","Thu Dec 25 2025 02:39:45 GMT+0000 (Coordinated Universal Time)"
"8e340a5b-b925-4bca-8582-9a525492b815","General Painting","general-painting","General painting services","c3d47920-f325-440d-93da-ecb18af6d640",3,true,1,"","Sun Nov 16 2025 02:16:14 GMT+0000 (Coordinated Universal Time)","Thu Dec 25 2025 02:39:45 GMT+0000 (Coordinated Universal Time)"
"a2b2b03f-cb63-4515-bfd2-c972bbbdd0a7","General Plumbing","general-plumbing","General plumbing services","410765f9-6785-497b-8f0a-9fcd08b8cd25",3,true,1,"https://gigmarket.s3.ap-northeast-2.amazonaws.com/icons/service/Home+Services/General+Plumbing.png","Sun Nov 16 2025 02:16:14 GMT+0000 (Coordinated Universal Time)","Sat Jan 17 2026 02:14:26 GMT+0000 (Coordinated Universal Time)"
"6953bea9-f573-4e76-9243-97204e04c8d5","Hair Services","hair-services","Hair care services","6cd67a8a-033d-4ddf-aeb7-050515f3bdd4",3,true,1,"","Sun Nov 16 2025 02:16:14 GMT+0000 (Coordinated Universal Time)","Thu Dec 25 2025 02:39:45 GMT+0000 (Coordinated Universal Time)"
"52c00b0e-db36-4c71-b3b2-439f57d090de","Hosts & Emcees","hosts-emcees","Host and emcee services","e2a259c9-6b84-49f2-a118-86aeafc9b579",3,true,1,"","Sun Nov 16 2025 02:16:14 GMT+0000 (Coordinated Universal Time)","Thu Dec 25 2025 02:39:45 GMT+0000 (Coordinated Universal Time)"
"fbe8cb7e-a6ba-4c31-a373-03f78c101577","Personal Training","personal-training","Personal training services","605125a0-f512-42bd-928b-23c04da4f36c",3,true,1,"","Sun Nov 16 2025 02:16:14 GMT+0000 (Coordinated Universal Time)","Thu Dec 25 2025 02:39:45 GMT+0000 (Coordinated Universal Time)"
"69dc9439-439e-4460-a609-5721af301097","Aircon Repair & Maintenance","aircon-repair-maintenance","Air conditioning repair and maintenance","cbe62ee8-3105-4111-8a2d-3460df86be2b",3,true,2,"https://gigmarket.s3.ap-northeast-2.amazonaws.com/icons/service/Home+Services/Aircon+Repair+and+Maintenance.png","Sun Nov 16 2025 02:16:14 GMT+0000 (Coordinated Universal Time)","Sat Jan 17 2026 02:14:26 GMT+0000 (Coordinated Universal Time)"
"5861dc0d-2e90-45cf-8435-6c249b60aa8a","Creative Writing","creative-writing","Creative writing services","e4527bbc-7a1a-4786-9340-7b0244fa43f7",3,true,2,"","Sun Nov 16 2025 02:16:14 GMT+0000 (Coordinated Universal Time)","Thu Dec 25 2025 02:39:45 GMT+0000 (Coordinated Universal Time)"
"6be2bb95-28ab-40b9-9a5f-90defd2880dd","Exterior Painting","exterior-painting","Exterior painting services","c3d47920-f325-440d-93da-ecb18af6d640",3,true,2,"","Sun Nov 16 2025 02:16:14 GMT+0000 (Coordinated Universal Time)","Thu Dec 25 2025 02:39:45 GMT+0000 (Coordinated Universal Time)"
"a0ffd398-27c6-4658-bcc1-46689b927c82","General Carpentry","general-carpentry","General carpentry services","64efa6b6-04cf-4a75-980e-9d918b89f1a0",3,true,2,"","Sun Nov 16 2025 02:16:14 GMT+0000 (Coordinated Universal Time)","Thu Dec 25 2025 02:39:45 GMT+0000 (Coordinated Universal Time)"
"d1109c0e-79b1-4284-8f21-66c1c1f9e466","Language Learning","language-learning","Language learning services","1ddc3176-227b-4224-a0b5-8c889a59b3ec",3,true,2,"","Sun Nov 16 2025 02:16:14 GMT+0000 (Coordinated Universal Time)","Thu Dec 25 2025 02:39:45 GMT+0000 (Coordinated Universal Time)"
"52b4c837-f207-4818-914e-34a5b36dc5df","Legal Services (Document Preparation Only)","legal-services-document","Legal document preparation services","956747cd-6f86-4e67-8fd5-44058ecd3194",3,true,2,"https://gigmarket.s3.ap-northeast-2.amazonaws.com/icons/service/Main+Services/legal+services.png","Sun Nov 16 2025 02:16:14 GMT+0000 (Coordinated Universal Time)","Thu Dec 25 2025 02:40:02 GMT+0000 (Coordinated Universal Time)"
"e8cb028b-ca57-43ce-bd4b-c6f09e99bb56","Makeup Services","makeup-services","Makeup services","6cd67a8a-033d-4ddf-aeb7-050515f3bdd4",3,true,2,"","Sun Nov 16 2025 02:16:14 GMT+0000 (Coordinated Universal Time)","Thu Dec 25 2025 02:39:45 GMT+0000 (Coordinated Universal Time)"
"bf3ee765-ff73-42c7-b866-5af5b4b02389","Musicians & Performers","musicians-performers","Musicians and performers services","e2a259c9-6b84-49f2-a118-86aeafc9b579",3,true,2,"","Sun Nov 16 2025 02:16:14 GMT+0000 (Coordinated Universal Time)","Thu Dec 25 2025 02:39:45 GMT+0000 (Coordinated Universal Time)"
"a3b3c3cb-0955-4407-818d-f5d9f8c57a16","Portrait Photography","portrait-photography","Portrait photography services","4de64efb-afaf-4c4b-95b3-b6fb81b25dbe",3,true,2,"","Sun Nov 16 2025 02:16:14 GMT+0000 (Coordinated Universal Time)","Thu Dec 25 2025 02:39:45 GMT+0000 (Coordinated Universal Time)"
"c701e334-4dfb-4983-88ea-432d9477a249","Specialized Cleaning","specialized-cleaning","Specialized cleaning services","553a0842-ff3e-4813-a4bd-3fe59d65f6c8",3,true,2,"","Sun Nov 16 2025 02:16:14 GMT+0000 (Coordinated Universal Time)","Thu Dec 25 2025 02:39:45 GMT+0000 (Coordinated Universal Time)"
"e72cce0a-0263-4b26-8f23-1887a1e5e0d8","Specialized Electrical","specialized-electrical","Specialized electrical services","10bb9073-63af-43e8-bd54-3d8a40638fc6",3,true,2,"https://gigmarket.s3.ap-northeast-2.amazonaws.com/icons/service/Home+Services/electrical+services.png","Sun Nov 16 2025 02:16:14 GMT+0000 (Coordinated Universal Time)","Sat Jan 17 2026 02:14:26 GMT+0000 (Coordinated Universal Time)"
"afadf3c3-cb21-4a09-b263-2ac4d88082d7","Specialized Plumbing","specialized-plumbing","Specialized plumbing services","410765f9-6785-497b-8f0a-9fcd08b8cd25",3,true,2,"https://gigmarket.s3.ap-northeast-2.amazonaws.com/icons/service/Home+Services/Specialized+Plumbing.png","Sun Nov 16 2025 02:16:14 GMT+0000 (Coordinated Universal Time)","Sat Jan 17 2026 02:14:26 GMT+0000 (Coordinated Universal Time)"
"4aaa3c3c-1dd2-4e81-9681-d03bce76169e","Specialty Catering","specialty-catering","Specialty catering services","6a9ba128-f86f-4047-8254-8e4282ab0446",3,true,2,"","Sun Nov 16 2025 02:16:14 GMT+0000 (Coordinated Universal Time)","Thu Dec 25 2025 02:39:45 GMT+0000 (Coordinated Universal Time)"
"412b6071-9892-4206-a8e0-e8c591aef6fc","Yoga & Pilates","yoga-pilates","Yoga and Pilates services","605125a0-f512-42bd-928b-23c04da4f36c",3,true,2,"","Sun Nov 16 2025 02:16:14 GMT+0000 (Coordinated Universal Time)","Thu Dec 25 2025 02:39:45 GMT+0000 (Coordinated Universal Time)"
"ff58f3d3-62a2-409d-8dd9-d14927567852","Audio/Visual Services","audio-visual-services","Audio and visual services","e2a259c9-6b84-49f2-a118-86aeafc9b579",3,true,3,"","Sun Nov 16 2025 02:16:14 GMT+0000 (Coordinated Universal Time)","Thu Dec 25 2025 02:39:45 GMT+0000 (Coordinated Universal Time)"
"2a8ba88d-e60e-4a50-8775-5e844a61e6d7","Health & Wellness","health-wellness","Health and wellness services","605125a0-f512-42bd-928b-23c04da4f36c",3,true,3,"","Sun Nov 16 2025 02:16:14 GMT+0000 (Coordinated Universal Time)","Thu Dec 25 2025 02:39:45 GMT+0000 (Coordinated Universal Time)"
"892eee36-e829-48bb-b8d2-b38a5c4f9777","Music Lessons","music-lessons","Music lesson services","1ddc3176-227b-4224-a0b5-8c889a59b3ec",3,true,3,"","Sun Nov 16 2025 02:16:14 GMT+0000 (Coordinated Universal Time)","Thu Dec 25 2025 02:39:45 GMT+0000 (Coordinated Universal Time)"
"0b81879c-c979-4b2b-95db-9a54e9a0c67c","Nail Services","nail-services","Nail care services","6cd67a8a-033d-4ddf-aeb7-050515f3bdd4",3,true,3,"","Sun Nov 16 2025 02:16:14 GMT+0000 (Coordinated Universal Time)","Thu Dec 25 2025 02:39:45 GMT+0000 (Coordinated Universal Time)"
"ebdaab0e-e639-4ca2-b882-86956cb9f8f3","Product Photography","product-photography","Product photography services","4de64efb-afaf-4c4b-95b3-b6fb81b25dbe",3,true,3,"","Sun Nov 16 2025 02:16:14 GMT+0000 (Coordinated Universal Time)","Thu Dec 25 2025 02:39:45 GMT+0000 (Coordinated Universal Time)"
"61259e2d-968a-4117-a531-67a49cfddfb5","Specialized Painting","specialized-painting","Specialized painting services","c3d47920-f325-440d-93da-ecb18af6d640",3,true,3,"","Sun Nov 16 2025 02:16:14 GMT+0000 (Coordinated Universal Time)","Thu Dec 25 2025 02:39:45 GMT+0000 (Coordinated Universal Time)"
"d6f30b84-b6b9-4f0f-9196-d6da1c636755","Translation Services","translation-services","Translation services","e4527bbc-7a1a-4786-9340-7b0244fa43f7",3,true,3,"","Sun Nov 16 2025 02:16:14 GMT+0000 (Coordinated Universal Time)","Thu Dec 25 2025 02:39:45 GMT+0000 (Coordinated Universal Time)"
"3b82489c-5848-4765-8efe-0032ad334019","Skills Training","skills-training","Skills training services","1ddc3176-227b-4224-a0b5-8c889a59b3ec",3,true,4,"","Sun Nov 16 2025 02:16:14 GMT+0000 (Coordinated Universal Time)","Thu Dec 25 2025 02:39:45 GMT+0000 (Coordinated Universal Time)"
"e18140b3-9461-47f5-a24d-cc806cec2a45","Spa Services","spa-services","Spa and wellness services","6cd67a8a-033d-4ddf-aeb7-050515f3bdd4",3,true,4,"","Sun Nov 16 2025 02:16:14 GMT+0000 (Coordinated Universal Time)","Thu Dec 25 2025 02:39:45 GMT+0000 (Coordinated Universal Time)"
"ebba8380-7e3f-4632-b232-8a118712aeb9","Basic Cleaning","basic-cleaning","Basic aircon cleaning service","6bf6b204-c920-42ea-af1f-ffea72819f11",,true,1,"https://gigmarket.s3.ap-northeast-2.amazonaws.com/icons/service/Home+Services/air+conditioning+service.png","Sun Nov 16 2025 02:16:14 GMT+0000 (Coordinated Universal Time)","Sat Jan 17 2026 02:14:26 GMT+0000 (Coordinated Universal Time)"
"70ed3bed-561c-4f92-bb24-a9ff0bdf05c4","Blog Writing","blog-writing","Blog writing service","27fc3756-287a-4571-a5fd-071015cc88ae",,true,1,"","Sun Nov 16 2025 02:16:14 GMT+0000 (Coordinated Universal Time)","Thu Dec 25 2025 02:39:45 GMT+0000 (Coordinated Universal Time)"
"ad7f6c28-382b-44b1-b9ef-9fcc851401dc","Bookkeeping Services","bookkeeping-services","Bookkeeping service","0a9cbadd-fde5-4542-a273-b9b11472963c",,true,1,"","Sun Nov 16 2025 02:16:14 GMT+0000 (Coordinated Universal Time)","Thu Dec 25 2025 02:39:45 GMT+0000 (Coordinated Universal Time)"
"2b939df6-cd64-4de5-8442-7cd4b58e9a28","Bridal Makeup","bridal-makeup","Bridal makeup service","e8cb028b-ca57-43ce-bd4b-c6f09e99bb56",,true,1,"","Sun Nov 16 2025 02:16:14 GMT+0000 (Coordinated Universal Time)","Thu Dec 25 2025 02:39:45 GMT+0000 (Coordinated Universal Time)"
"eb3d7b33-3419-4ad8-ac34-385d6cc74604","CCTV Installation","cctv-installation","CCTV camera installation service","e72cce0a-0263-4b26-8f23-1887a1e5e0d8",,true,1,"https://gigmarket.s3.ap-northeast-2.amazonaws.com/icons/service/Home+Services/CCTV+Installation.png","Sun Nov 16 2025 02:16:14 GMT+0000 (Coordinated Universal Time)","Sat Jan 17 2026 02:14:26 GMT+0000 (Coordinated Universal Time)"
"955c3d44-6881-4b1a-b27a-cebb002e0afc","Carpet Cleaning","carpet-cleaning","Professional carpet cleaning service","c701e334-4dfb-4983-88ea-432d9477a249",,true,1,"","Sun Nov 16 2025 02:16:14 GMT+0000 (Coordinated Universal Time)","Thu Dec 25 2025 02:39:45 GMT+0000 (Coordinated Universal Time)"
"ab318466-5cf9-475f-9cda-19ee6379bf40","Computer/IT Training","computer-it-training","Computer and IT skills training","3b82489c-5848-4765-8efe-0032ad334019",,true,1,"","Sun Nov 16 2025 02:16:14 GMT+0000 (Coordinated Universal Time)","Thu Dec 25 2025 02:39:45 GMT+0000 (Coordinated Universal Time)"
"0302de94-1abd-41c1-b810-98e366fb46e2","Contract Drafting","contract-drafting","Contract drafting service","52b4c837-f207-4818-914e-34a5b36dc5df",,true,1,"","Sun Nov 16 2025 02:16:14 GMT+0000 (Coordinated Universal Time)","Thu Dec 25 2025 02:39:45 GMT+0000 (Coordinated Universal Time)"
"e0f8b345-82ea-47f7-b876-5a58431223b8","Copywriting","copywriting","Copywriting service","5861dc0d-2e90-45cf-8435-6c249b60aa8a",,true,1,"","Sun Nov 16 2025 02:16:14 GMT+0000 (Coordinated Universal Time)","Thu Dec 25 2025 02:39:45 GMT+0000 (Coordinated Universal Time)"
"28157e44-f4d7-4399-9612-372b5e3bf697","Custom Furniture Making","custom-furniture-making","Custom furniture design and making","af19d95c-7dd5-4045-bef5-216ca2e9b679",,true,1,"https://gigmarket.s3.ap-northeast-2.amazonaws.com/icons/service/Home+Services/Custom+Furniture+Making.png","Sun Nov 16 2025 02:16:14 GMT+0000 (Coordinated Universal Time)","Sat Jan 17 2026 02:14:26 GMT+0000 (Coordinated Universal Time)"
"a99f0d4e-337e-4537-9778-fd410eff5649","Door/Window Installation","door-window-installation","Door and window installation","a0ffd398-27c6-4658-bcc1-46689b927c82",,true,1,"","Sun Nov 16 2025 02:16:14 GMT+0000 (Coordinated Universal Time)","Thu Dec 25 2025 02:39:45 GMT+0000 (Coordinated Universal Time)"
"9178ce85-9989-4d09-b9e8-8864706c123a","E-commerce Product Shots","ecommerce-product-shots","E-commerce product photography","ebdaab0e-e639-4ca2-b882-86956cb9f8f3",,true,1,"","Sun Nov 16 2025 02:16:14 GMT+0000 (Coordinated Universal Time)","Thu Dec 25 2025 02:39:45 GMT+0000 (Coordinated Universal Time)"
"644da0b5-73f3-4335-b340-25469f2bf194","Elementary Tutoring","elementary-tutoring","Elementary level tutoring for all subjects","964f11f2-5f1b-435b-87cb-e6aa23a9fffe",,true,1,"","Sun Nov 16 2025 02:16:14 GMT+0000 (Coordinated Universal Time)","Thu Dec 25 2025 02:39:45 GMT+0000 (Coordinated Universal Time)"
"4a37da7f-bb72-4734-9e5c-7496dceaa075","English Tutoring","english-tutoring","English language tutoring","d1109c0e-79b1-4284-8f21-66c1c1f9e466",,true,1,"","Sun Nov 16 2025 02:16:14 GMT+0000 (Coordinated Universal Time)","Thu Dec 25 2025 02:39:45 GMT+0000 (Coordinated Universal Time)"
"3a3ddf3d-f618-4871-9d1d-9fd358ec5b67","English-Filipino Translation","english-filipino-translation","English to Filipino translation","d6f30b84-b6b9-4f0f-9196-d6da1c636755",,true,1,"","Sun Nov 16 2025 02:16:14 GMT+0000 (Coordinated Universal Time)","Thu Dec 25 2025 02:39:45 GMT+0000 (Coordinated Universal Time)"
"c135069b-39b9-4bb6-99cb-16130b99c86a","Family Portraits","family-portraits","Family portrait photography","a3b3c3cb-0955-4407-818d-f5d9f8c57a16",,true,1,"","Sun Nov 16 2025 02:16:14 GMT+0000 (Coordinated Universal Time)","Thu Dec 25 2025 02:39:45 GMT+0000 (Coordinated Universal Time)"
"7165a4b3-a5d4-4b1f-827e-6d7a562bcacb","Filipino Cuisine","filipino-cuisine","Filipino cuisine catering","4aaa3c3c-1dd2-4e81-9681-d03bce76169e",,true,1,"","Sun Nov 16 2025 02:16:14 GMT+0000 (Coordinated Universal Time)","Thu Dec 25 2025 02:39:45 GMT+0000 (Coordinated Universal Time)"
"0f5a7914-3236-4008-80d1-edd99442a34d","Haircut (Home Service)","haircut-home-service","Home service haircut","6953bea9-f573-4e76-9243-97204e04c8d5",,true,1,"https://gigmarket.s3.ap-northeast-2.amazonaws.com/icons/service/Home+Services/air+conditioning+service.png","Sun Nov 16 2025 02:16:14 GMT+0000 (Coordinated Universal Time)","Sat Jan 17 2026 02:13:13 GMT+0000 (Coordinated Universal Time)"
"7cece5a9-5e5d-4801-94e5-928ea647492b","House Exterior Painting","house-exterior-painting","House exterior wall painting","6be2bb95-28ab-40b9-9a5f-90defd2880dd",,true,1,"","Sun Nov 16 2025 02:16:14 GMT+0000 (Coordinated Universal Time)","Thu Dec 25 2025 02:39:45 GMT+0000 (Coordinated Universal Time)"
"0965af27-9c70-4b35-9263-10b9edbd51a1","Interior Painting","interior-painting","Interior wall and room painting","8e340a5b-b925-4bca-8582-9a525492b815",,true,1,"","Sun Nov 16 2025 02:16:14 GMT+0000 (Coordinated Universal Time)","Thu Dec 25 2025 02:39:45 GMT+0000 (Coordinated Universal Time)"
"2b45b6c0-88e4-4aa8-ab53-e1708015b1ea","Leak Repairs","leak-repairs","Water leak detection and repair","a2b2b03f-cb63-4515-bfd2-c972bbbdd0a7",,true,1,"https://gigmarket.s3.ap-northeast-2.amazonaws.com/icons/service/Home+Services/Leak+Repair.png","Sun Nov 16 2025 02:16:14 GMT+0000 (Coordinated Universal Time)","Sat Jan 17 2026 02:14:26 GMT+0000 (Coordinated Universal Time)"
"1c598c5b-5f63-46ba-a222-27bc0af4f77c","Live Band","live-band","Live band performance","bf3ee765-ff73-42c7-b866-5af5b4b02389",,true,1,"","Sun Nov 16 2025 02:16:14 GMT+0000 (Coordinated Universal Time)","Thu Dec 25 2025 02:39:45 GMT+0000 (Coordinated Universal Time)"
"18945325-0321-4f73-ab00-c6667432b28a","Manicure","manicure","Manicure service","0b81879c-c979-4b2b-95db-9a54e9a0c67c",,true,1,"","Sun Nov 16 2025 02:16:14 GMT+0000 (Coordinated Universal Time)","Thu Dec 25 2025 02:39:45 GMT+0000 (Coordinated Universal Time)"
"61677ed9-87f9-4157-bd65-6e88735fee09","Massage Therapy","massage-therapy","Massage therapy (Swedish, Shiatsu, Deep tissue)","e18140b3-9461-47f5-a24d-cc806cec2a45",,true,1,"","Sun Nov 16 2025 02:16:14 GMT+0000 (Coordinated Universal Time)","Thu Dec 25 2025 02:39:45 GMT+0000 (Coordinated Universal Time)"
"28acbbb2-5665-4ad2-88bd-436c0fd490fe","Nutrition Coaching","nutrition-coaching","Nutrition coaching service","2a8ba88d-e60e-4a50-8775-5e844a61e6d7",,true,1,"","Sun Nov 16 2025 02:16:14 GMT+0000 (Coordinated Universal Time)","Thu Dec 25 2025 02:39:45 GMT+0000 (Coordinated Universal Time)"
"015eec9a-e24d-4103-82b3-ce5aa13f08a3","One-on-one Training","one-on-one-training","Individual personal training","fbe8cb7e-a6ba-4c31-a373-03f78c101577",,true,1,"","Sun Nov 16 2025 02:16:14 GMT+0000 (Coordinated Universal Time)","Thu Dec 25 2025 02:39:45 GMT+0000 (Coordinated Universal Time)"
"28aae0b2-e17e-4856-ab5b-7dcbf8e451fe","Piano Lessons","piano-lessons","Piano lessons","892eee36-e829-48bb-b8d2-b38a5c4f9777",,true,1,"","Sun Nov 16 2025 02:16:14 GMT+0000 (Coordinated Universal Time)","Thu Dec 25 2025 02:39:45 GMT+0000 (Coordinated Universal Time)"
"6a85c706-7aef-4afc-a847-0d7c2ec5947b","Regular Cleaning","regular-cleaning","Daily, weekly, monthly cleaning services","e25eb515-f274-4410-bda3-4a4959182b62",,true,1,"","Sun Nov 16 2025 02:16:14 GMT+0000 (Coordinated Universal Time)","Thu Dec 25 2025 02:39:45 GMT+0000 (Coordinated Universal Time)"
"a83b92de-224c-4b2f-801a-e9f6a361ce0d","Sound System Rental & Operation","sound-system-rental-operation","Sound system rental and operation","ff58f3d3-62a2-409d-8dd9-d14927567852",,true,1,"","Sun Nov 16 2025 02:16:14 GMT+0000 (Coordinated Universal Time)","Thu Dec 25 2025 02:39:45 GMT+0000 (Coordinated Universal Time)"
"f9445702-cc4f-4949-bb0f-927654ee0d26","Troubleshooting & Diagnostics","troubleshooting-diagnostics","Aircon problem diagnosis and troubleshooting","69dc9439-439e-4460-a609-5721af301097",,true,1,"","Sun Nov 16 2025 02:16:14 GMT+0000 (Coordinated Universal Time)","Thu Dec 25 2025 02:39:45 GMT+0000 (Coordinated Universal Time)"
"4b68f707-77b0-4be6-947a-a0fe9f8fc76e","Water Heater Installation/Repair","water-heater-installation-repair","Water heater installation and repair","afadf3c3-cb21-4a09-b263-2ac4d88082d7",,true,1,"","Sun Nov 16 2025 02:16:14 GMT+0000 (Coordinated Universal Time)","Thu Dec 25 2025 02:39:45 GMT+0000 (Coordinated Universal Time)"
"0e60361c-2fc0-4441-851b-ffc5fa1cfe9d","Waterproofing with Paint","waterproofing-with-paint","Waterproofing using paint","61259e2d-968a-4117-a531-67a49cfddfb5",,true,1,"https://gigmarket.s3.ap-northeast-2.amazonaws.com/icons/service/Home+Services/Waterproofing.png","Sun Nov 16 2025 02:16:14 GMT+0000 (Coordinated Universal Time)","Sat Jan 17 2026 02:14:26 GMT+0000 (Coordinated Universal Time)"
"762571e3-57fe-46f8-a18f-5604bd61ba6a","Wedding Catering","wedding-catering","Wedding catering service","54c8b80b-ea11-440d-a0cc-74fe82eb3cc8",,true,1,"","Sun Nov 16 2025 02:16:14 GMT+0000 (Coordinated Universal Time)","Thu Dec 25 2025 02:39:45 GMT+0000 (Coordinated Universal Time)"
"90d6522f-6720-4e95-b480-5169043af914","Wedding Host/MC","wedding-host-mc","Wedding host and MC service","52c00b0e-db36-4c71-b3b2-439f57d090de",,true,1,"","Sun Nov 16 2025 02:16:14 GMT+0000 (Coordinated Universal Time)","Thu Dec 25 2025 02:39:45 GMT+0000 (Coordinated Universal Time)"
"80a616fc-bcd4-48ba-94ec-36a22a79cf3c","Wedding Photography","wedding-photography","Wedding photography service","0a29673e-6d00-419b-b87e-178f849c1666",,true,1,"","Sun Nov 16 2025 02:16:14 GMT+0000 (Coordinated Universal Time)","Thu Dec 25 2025 02:39:45 GMT+0000 (Coordinated Universal Time)"
"191ce1c6-e4e2-47dd-aa2d-9d1103652886","Wiring Installation/Repair","wiring-installation-repair","Electrical wiring installation and repair","e78214e6-483f-4f50-85f9-9db4e0bd967a",,true,1,"https://gigmarket.s3.ap-northeast-2.amazonaws.com/icons/service/Home+Services/General+Electrical.png","Sun Nov 16 2025 02:16:14 GMT+0000 (Coordinated Universal Time)","Sat Jan 17 2026 02:14:26 GMT+0000 (Coordinated Universal Time)"
"4b404367-8ed6-4b61-a267-11a2cbd3eb31","Yoga Instruction","yoga-instruction","Yoga instruction and classes","412b6071-9892-4206-a8e0-e8c591aef6fc",,true,1,"","Sun Nov 16 2025 02:16:14 GMT+0000 (Coordinated Universal Time)","Thu Dec 25 2025 02:39:45 GMT+0000 (Coordinated Universal Time)"
"ed04702f-6e4a-4f3f-bda3-097be4efa542","Article Writing","article-writing","Article writing service","27fc3756-287a-4571-a5fd-071015cc88ae",,true,2,"","Sun Nov 16 2025 02:16:14 GMT+0000 (Coordinated Universal Time)","Thu Dec 25 2025 02:39:45 GMT+0000 (Coordinated Universal Time)"
"a7955f61-babd-452a-bd65-cab93a7de778","Birthday Party Catering","birthday-party-catering","Birthday party catering service","54c8b80b-ea11-440d-a0cc-74fe82eb3cc8",,true,2,"","Sun Nov 16 2025 02:16:14 GMT+0000 (Coordinated Universal Time)","Thu Dec 25 2025 02:39:45 GMT+0000 (Coordinated Universal Time)"
"f73c32cc-c3a5-49f9-9935-82d250dc2f7e","Birthday Party Host","birthday-party-host","Birthday party host service","52c00b0e-db36-4c71-b3b2-439f57d090de",,true,2,"","Sun Nov 16 2025 02:16:14 GMT+0000 (Coordinated Universal Time)","Thu Dec 25 2025 02:39:45 GMT+0000 (Coordinated Universal Time)"
"58fcf137-8aab-473f-b951-f300d115f76b","Birthday Photography","birthday-photography","Birthday party photography","0a29673e-6d00-419b-b87e-178f849c1666",,true,2,"","Sun Nov 16 2025 02:16:14 GMT+0000 (Coordinated Universal Time)","Thu Dec 25 2025 02:39:45 GMT+0000 (Coordinated Universal Time)"
"150b8569-f629-40c8-af20-8e2d657acee2","Coding/Programming Lessons","coding-programming-lessons","Coding and programming lessons","3b82489c-5848-4765-8efe-0032ad334019",,true,2,"","Sun Nov 16 2025 02:16:14 GMT+0000 (Coordinated Universal Time)","Thu Dec 25 2025 02:39:45 GMT+0000 (Coordinated Universal Time)"
"ed7fe800-7468-4a56-ae5d-7237e15fec7a","Decorative/Mural Painting","decorative-mural-painting","Decorative and mural painting","61259e2d-968a-4117-a531-67a49cfddfb5",,true,2,"","Sun Nov 16 2025 02:16:14 GMT+0000 (Coordinated Universal Time)","Thu Dec 25 2025 02:39:45 GMT+0000 (Coordinated Universal Time)"
"3db9493b-aa4d-46fe-b353-2fc83f360e63","Deep Cleaning","deep-cleaning","Thorough deep cleaning service","e25eb515-f274-4410-bda3-4a4959182b62",,true,2,"https://gigmarket.s3.ap-northeast-2.amazonaws.com/icons/service/Home+Services/Aircon+Repair+and+Maintenance.png","Sun Nov 16 2025 02:16:14 GMT+0000 (Coordinated Universal Time)","Sat Jan 17 2026 02:14:26 GMT+0000 (Coordinated Universal Time)"
"1522907b-cd54-4bf8-9ded-2dc6d9eb9dc4","Deep Cleaning/Chemical Wash","deep-cleaning-chemical-wash","Deep cleaning and chemical wash for aircon","6bf6b204-c920-42ea-af1f-ffea72819f11",,true,2,"https://gigmarket.s3.ap-northeast-2.amazonaws.com/icons/service/Home+Services/Aircon+Repair+and+Maintenance.png","Sun Nov 16 2025 02:16:14 GMT+0000 (Coordinated Universal Time)","Sat Jan 17 2026 02:14:26 GMT+0000 (Coordinated Universal Time)"
"2d6b9283-9a0e-4cbe-bf36-8990833c4b73","Document Notarization Coordination","document-notarization-coordination","Document notarization coordination","52b4c837-f207-4818-914e-34a5b36dc5df",,true,2,"","Sun Nov 16 2025 02:16:14 GMT+0000 (Coordinated Universal Time)","Thu Dec 25 2025 02:39:45 GMT+0000 (Coordinated Universal Time)"
"84ddd5ce-112f-4f9c-bb73-60a85fb04272","Event/Party Makeup","event-party-makeup","Event and party makeup service","e8cb028b-ca57-43ce-bd4b-c6f09e99bb56",,true,2,"","Sun Nov 16 2025 02:16:14 GMT+0000 (Coordinated Universal Time)","Thu Dec 25 2025 02:39:45 GMT+0000 (Coordinated Universal Time)"
"644ad3be-dbba-4876-87e6-da1e7e476e3a","Facial Treatment","facial-treatment","Facial treatment service","e18140b3-9461-47f5-a24d-cc806cec2a45",,true,2,"","Sun Nov 16 2025 02:16:14 GMT+0000 (Coordinated Universal Time)","Thu Dec 25 2025 02:39:45 GMT+0000 (Coordinated Universal Time)"
"cc3ea261-fa63-473c-b031-19ee69a11e97","Fence Painting","fence-painting","Fence painting service","6be2bb95-28ab-40b9-9a5f-90defd2880dd",,true,2,"","Sun Nov 16 2025 02:16:14 GMT+0000 (Coordinated Universal Time)","Thu Dec 25 2025 02:39:45 GMT+0000 (Coordinated Universal Time)"
"fd1734b1-2368-4820-8bde-88cb50af7bdb","Filipino-English Translation","filipino-english-translation","Filipino to English translation","d6f30b84-b6b9-4f0f-9196-d6da1c636755",,true,2,"","Sun Nov 16 2025 02:16:14 GMT+0000 (Coordinated Universal Time)","Thu Dec 25 2025 02:39:45 GMT+0000 (Coordinated Universal Time)"
"d1096c21-5c75-476a-a47e-15d93f8eb0fb","Food Photography","food-photography","Food photography service","ebdaab0e-e639-4ca2-b882-86956cb9f8f3",,true,2,"","Sun Nov 16 2025 02:16:14 GMT+0000 (Coordinated Universal Time)","Thu Dec 25 2025 02:39:45 GMT+0000 (Coordinated Universal Time)"
"2a0bce1f-2d47-4ec2-80b1-629745aea617","Furniture Repair/Restoration","furniture-repair-restoration","Furniture repair and restoration service","af19d95c-7dd5-4045-bef5-216ca2e9b679",,true,2,"","Sun Nov 16 2025 02:16:14 GMT+0000 (Coordinated Universal Time)","Thu Dec 25 2025 02:39:45 GMT+0000 (Coordinated Universal Time)"
"5a0f2164-66c6-47c8-a91f-5b0433fa58c1","Group Fitness Classes","group-fitness-classes","Group fitness training classes","fbe8cb7e-a6ba-4c31-a373-03f78c101577",,true,2,"","Sun Nov 16 2025 02:16:14 GMT+0000 (Coordinated Universal Time)","Thu Dec 25 2025 02:39:45 GMT+0000 (Coordinated Universal Time)"
"510eedb1-add1-48f7-a694-8d3f2126f6a8","Guitar Lessons","guitar-lessons","Guitar lessons","892eee36-e829-48bb-b8d2-b38a5c4f9777",,true,2,"","Sun Nov 16 2025 02:16:14 GMT+0000 (Coordinated Universal Time)","Thu Dec 25 2025 02:39:45 GMT+0000 (Coordinated Universal Time)"
"4fd1703b-bbbb-4fee-8c7e-9b11f5d00cf2","Hair Coloring","hair-coloring","Hair coloring service","6953bea9-f573-4e76-9243-97204e04c8d5",,true,2,"","Sun Nov 16 2025 02:16:14 GMT+0000 (Coordinated Universal Time)","Thu Dec 25 2025 02:39:45 GMT+0000 (Coordinated Universal Time)"
"c3a9adad-9da4-439c-83ef-43a796bf53a0","High School Tutoring","high-school-tutoring","High school tutoring (Math, Science, English, Filipino)","964f11f2-5f1b-435b-87cb-e6aa23a9fffe",,true,2,"","Sun Nov 16 2025 02:16:14 GMT+0000 (Coordinated Universal Time)","Thu Dec 25 2025 02:39:45 GMT+0000 (Coordinated Universal Time)"
"9fa78df1-9a02-4200-95aa-4de0fa36d1b2","International Cuisine","international-cuisine","International cuisine catering","4aaa3c3c-1dd2-4e81-9681-d03bce76169e",,true,2,"","Sun Nov 16 2025 02:16:14 GMT+0000 (Coordinated Universal Time)","Thu Dec 25 2025 02:39:45 GMT+0000 (Coordinated Universal Time)"
"1e3883cf-eee2-4b9a-a8a8-41d1e3d8bb04","Korean Language","korean-language","Korean language lessons","d1109c0e-79b1-4284-8f21-66c1c1f9e466",,true,2,"","Sun Nov 16 2025 02:16:14 GMT+0000 (Coordinated Universal Time)","Thu Dec 25 2025 02:39:45 GMT+0000 (Coordinated Universal Time)"
"cc2d8130-03a2-4b56-8101-d962baf448a2","LED Wall/Projector Rental","led-wall-projector-rental","LED wall and projector rental","ff58f3d3-62a2-409d-8dd9-d14927567852",,true,2,"","Sun Nov 16 2025 02:16:14 GMT+0000 (Coordinated Universal Time)","Thu Dec 25 2025 02:39:45 GMT+0000 (Coordinated Universal Time)"
"eacb84eb-56de-431a-b12d-ac21491fb007","Light Fixture Installation","light-fixture-installation","Light fixture installation service","e78214e6-483f-4f50-85f9-9db4e0bd967a",,true,2,"https://gigmarket.s3.ap-northeast-2.amazonaws.com/icons/service/Home+Services/Light+Fixtrure+Installation.png","Sun Nov 16 2025 02:16:14 GMT+0000 (Coordinated Universal Time)","Sat Jan 17 2026 02:14:26 GMT+0000 (Coordinated Universal Time)"
"d4a3bff2-e626-408c-a795-b7517743e5b8","Meal Planning","meal-planning","Meal planning service","2a8ba88d-e60e-4a50-8775-5e844a61e6d7",,true,2,"","Sun Nov 16 2025 02:16:14 GMT+0000 (Coordinated Universal Time)","Thu Dec 25 2025 02:39:45 GMT+0000 (Coordinated Universal Time)"
"22039142-e9ea-4dc2-b037-91a392631237","Partition Installation","partition-installation","Partition wall installation","a0ffd398-27c6-4658-bcc1-46689b927c82",,true,2,"https://gigmarket.s3.ap-northeast-2.amazonaws.com/icons/service/Home+Services/Partition+Installation.png","Sun Nov 16 2025 02:16:14 GMT+0000 (Coordinated Universal Time)","Sat Jan 17 2026 02:14:26 GMT+0000 (Coordinated Universal Time)"
"6ffbb891-1e02-4e24-b6b4-f602ffc86fe0","Pedicure","pedicure","Pedicure service","0b81879c-c979-4b2b-95db-9a54e9a0c67c",,true,2,"","Sun Nov 16 2025 02:16:14 GMT+0000 (Coordinated Universal Time)","Thu Dec 25 2025 02:39:45 GMT+0000 (Coordinated Universal Time)"
"c89dd592-08ca-49e9-9e14-d2aca53e6f18","Pilates Training","pilates-training","Pilates training classes","412b6071-9892-4206-a8e0-e8c591aef6fc",,true,2,"","Sun Nov 16 2025 02:16:14 GMT+0000 (Coordinated Universal Time)","Thu Dec 25 2025 02:39:45 GMT+0000 (Coordinated Universal Time)"
"93e05bbe-1501-4ca8-8300-0be54e69833d","Pipe Installation/Replacement","pipe-installation-replacement","Pipe installation and replacement services","a2b2b03f-cb63-4515-bfd2-c972bbbdd0a7",,true,2,"https://gigmarket.s3.ap-northeast-2.amazonaws.com/icons/service/Home+Services/Pipe+Installation+and+Replacement.png","Sun Nov 16 2025 02:16:14 GMT+0000 (Coordinated Universal Time)","Sat Jan 17 2026 02:14:26 GMT+0000 (Coordinated Universal Time)"
"0c175c5c-9a08-41ce-90ce-f7e77a282703","Professional Headshots","professional-headshots","Professional headshot photography","a3b3c3cb-0955-4407-818d-f5d9f8c57a16",,true,2,"","Sun Nov 16 2025 02:16:14 GMT+0000 (Coordinated Universal Time)","Thu Dec 25 2025 02:39:45 GMT+0000 (Coordinated Universal Time)"
"fc790b73-26ba-47c4-b418-2f74a2daebe1","Refrigerant Refilling (Freon)","refrigerant-refilling","Refrigerant refilling service","69dc9439-439e-4460-a609-5721af301097",,true,2,"","Sun Nov 16 2025 02:16:14 GMT+0000 (Coordinated Universal Time)","Thu Dec 25 2025 02:39:45 GMT+0000 (Coordinated Universal Time)"
"13300922-a276-4fab-bc4a-e56970caf48d","Script Writing","script-writing","Script writing service","5861dc0d-2e90-45cf-8435-6c249b60aa8a",,true,2,"","Sun Nov 16 2025 02:16:14 GMT+0000 (Coordinated Universal Time)","Thu Dec 25 2025 02:39:45 GMT+0000 (Coordinated Universal Time)"
"14dea857-d9d5-4ddf-afa4-f6ade193c4df","Septic Tank Services","septic-tank-services","Septic tank maintenance and services","afadf3c3-cb21-4a09-b263-2ac4d88082d7",,true,2,"https://gigmarket.s3.ap-northeast-2.amazonaws.com/icons/service/Home+Services/Septic+Tank+Services.png","Sun Nov 16 2025 02:16:14 GMT+0000 (Coordinated Universal Time)","Sat Jan 17 2026 02:14:26 GMT+0000 (Coordinated Universal Time)"
"c979a70d-c2cf-469f-8508-20bc02a45adf","Smart Home Installation","smart-home-installation","Smart home system installation","e72cce0a-0263-4b26-8f23-1887a1e5e0d8",,true,2,"https://gigmarket.s3.ap-northeast-2.amazonaws.com/icons/service/Home+Services/Smart+Home+Installation.png","Sun Nov 16 2025 02:16:14 GMT+0000 (Coordinated Universal Time)","Sat Jan 17 2026 02:14:26 GMT+0000 (Coordinated Universal Time)"
"feda242d-ff1e-4a92-9ba0-06086d0f3f93","Sofa/Upholstery Cleaning","sofa-upholstery-cleaning","Sofa and upholstery cleaning service","c701e334-4dfb-4983-88ea-432d9477a249",,true,2,"","Sun Nov 16 2025 02:16:14 GMT+0000 (Coordinated Universal Time)","Thu Dec 25 2025 02:39:45 GMT+0000 (Coordinated Universal Time)"
"f28c1c5d-654c-42bf-bd80-33a9416bb857","Solo Acoustic Performer","solo-acoustic-performer","Solo acoustic performer service","bf3ee765-ff73-42c7-b866-5af5b4b02389",,true,2,"","Sun Nov 16 2025 02:16:14 GMT+0000 (Coordinated Universal Time)","Thu Dec 25 2025 02:39:45 GMT+0000 (Coordinated Universal Time)"
"0b09ad70-aa8b-4a7e-ae6f-81e04909914f","Tax Preparation","tax-preparation","Tax preparation service","0a9cbadd-fde5-4542-a273-b9b11472963c",,true,2,"","Sun Nov 16 2025 02:16:14 GMT+0000 (Coordinated Universal Time)","Thu Dec 25 2025 02:39:45 GMT+0000 (Coordinated Universal Time)"
"58dd91ee-5f7e-442f-83e4-5dffd84bd2df","Wall Painting","wall-painting","Wall painting service","8e340a5b-b925-4bca-8582-9a525492b815",,true,2,"","Sun Nov 16 2025 02:16:14 GMT+0000 (Coordinated Universal Time)","Thu Dec 25 2025 02:39:45 GMT+0000 (Coordinated Universal Time)"
"618c4fa1-3bff-4b64-bb2c-4ac937824ab3","Art/Drawing Lessons","art-drawing-lessons","Art and drawing lessons","3b82489c-5848-4765-8efe-0032ad334019",,true,3,"","Sun Nov 16 2025 02:16:14 GMT+0000 (Coordinated Universal Time)","Thu Dec 25 2025 02:39:45 GMT+0000 (Coordinated Universal Time)"
"bf4a152a-cd90-45e1-825b-42e4a06e77f4","BBQ/Lechon Services","bbq-lechon-services","BBQ and lechon catering service","4aaa3c3c-1dd2-4e81-9681-d03bce76169e",,true,3,"","Sun Nov 16 2025 02:16:14 GMT+0000 (Coordinated Universal Time)","Thu Dec 25 2025 02:39:45 GMT+0000 (Coordinated Universal Time)"
"5579b53f-1a6f-44c6-8b42-71ee5dead5cb","Business Registration Assistance","business-registration-assistance","Business registration assistance","52b4c837-f207-4818-914e-34a5b36dc5df",,true,3,"","Sun Nov 16 2025 02:16:14 GMT+0000 (Coordinated Universal Time)","Thu Dec 25 2025 02:39:45 GMT+0000 (Coordinated Universal Time)"
"b8c63828-fdd7-42fb-b6a5-083758acbbee","Cabinet Installation","cabinet-installation","Cabinet installation service","af19d95c-7dd5-4045-bef5-216ca2e9b679",,true,3,"","Sun Nov 16 2025 02:16:14 GMT+0000 (Coordinated Universal Time)","Thu Dec 25 2025 02:39:45 GMT+0000 (Coordinated Universal Time)"
"b1f4c5a9-5b7b-48b8-8ded-ac919defeccd","Ceiling Painting","ceiling-painting","Ceiling painting service","8e340a5b-b925-4bca-8582-9a525492b815",,true,3,"","Sun Nov 16 2025 02:16:14 GMT+0000 (Coordinated Universal Time)","Thu Dec 25 2025 02:39:45 GMT+0000 (Coordinated Universal Time)"
"c8540ff2-ebe7-4e34-9291-cd4f76b2d5d0","Ceiling Work","ceiling-work","Ceiling installation and repair","a0ffd398-27c6-4658-bcc1-46689b927c82",,true,3,"https://gigmarket.s3.ap-northeast-2.amazonaws.com/icons/service/Home+Services/Ceiling+Work.png","Sun Nov 16 2025 02:16:14 GMT+0000 (Coordinated Universal Time)","Sat Jan 17 2026 02:14:26 GMT+0000 (Coordinated Universal Time)"
"707da26e-1b52-446a-b57c-8425025fb368","College Tutoring","college-tutoring","College level tutoring for specific subjects","964f11f2-5f1b-435b-87cb-e6aa23a9fffe",,true,3,"","Sun Nov 16 2025 02:16:14 GMT+0000 (Coordinated Universal Time)","Thu Dec 25 2025 02:39:45 GMT+0000 (Coordinated Universal Time)"
"880dfd44-85fe-409b-a08c-a38af162fdfc","Compressor Replacement","compressor-replacement","Aircon compressor replacement","69dc9439-439e-4460-a609-5721af301097",,true,3,"https://gigmarket.s3.ap-northeast-2.amazonaws.com/icons/service/Home+Services/Compresssor+Replacement.png","Sun Nov 16 2025 02:16:14 GMT+0000 (Coordinated Universal Time)","Sat Jan 17 2026 02:14:26 GMT+0000 (Coordinated Universal Time)"
"3b7bbfaa-1009-4b5b-87c6-9a4035866332","Corporate Event Catering","corporate-event-catering","Corporate event catering service","54c8b80b-ea11-440d-a0cc-74fe82eb3cc8",,true,3,"","Sun Nov 16 2025 02:16:14 GMT+0000 (Coordinated Universal Time)","Thu Dec 25 2025 02:39:45 GMT+0000 (Coordinated Universal Time)"
"79d1b541-fb3e-47cd-bdd0-5f5cd64668fa","Corporate Event Host","corporate-event-host","Corporate event host service","52c00b0e-db36-4c71-b3b2-439f57d090de",,true,3,"","Sun Nov 16 2025 02:16:14 GMT+0000 (Coordinated Universal Time)","Thu Dec 25 2025 02:39:45 GMT+0000 (Coordinated Universal Time)"
"3d9cb12b-0d81-4255-af56-9ed31cb57ab7","Corporate Event Photography","corporate-event-photography","Corporate event photography","0a29673e-6d00-419b-b87e-178f849c1666",,true,3,"","Sun Nov 16 2025 02:16:14 GMT+0000 (Coordinated Universal Time)","Thu Dec 25 2025 02:39:45 GMT+0000 (Coordinated Universal Time)"
"38a0c272-4b62-4336-a237-5b6b6badc0b0","DJ Services","dj-services","DJ services","bf3ee765-ff73-42c7-b866-5af5b4b02389",,true,3,"","Sun Nov 16 2025 02:16:14 GMT+0000 (Coordinated Universal Time)","Thu Dec 25 2025 02:39:45 GMT+0000 (Coordinated Universal Time)"
"f77b3dca-e76c-4bad-a0fc-d97d51f6a187","Drain Unclogging","drain-unclogging","Drain cleaning and unclogging service","a2b2b03f-cb63-4515-bfd2-c972bbbdd0a7",,true,3,"https://gigmarket.s3.ap-northeast-2.amazonaws.com/icons/service/Home+Services/Drain+Unclogging.png","Sun Nov 16 2025 02:16:14 GMT+0000 (Coordinated Universal Time)","Sat Jan 17 2026 02:14:26 GMT+0000 (Coordinated Universal Time)"
"1b5ba947-5ca4-44fb-ba3e-48dfbe761e61","Duct Cleaning","duct-cleaning","Air duct cleaning service","6bf6b204-c920-42ea-af1f-ffea72819f11",,true,3,"https://gigmarket.s3.ap-northeast-2.amazonaws.com/icons/service/Home+Services/Duct+Cleaning.png","Sun Nov 16 2025 02:16:14 GMT+0000 (Coordinated Universal Time)","Sat Jan 17 2026 02:14:26 GMT+0000 (Coordinated Universal Time)"
"8f76cfd6-16c7-4907-820f-368c0112c342","Financial Analysis","financial-analysis","Financial analysis service","0a9cbadd-fde5-4542-a273-b9b11472963c",,true,3,"","Sun Nov 16 2025 02:16:14 GMT+0000 (Coordinated Universal Time)","Thu Dec 25 2025 02:39:45 GMT+0000 (Coordinated Universal Time)"
"e66f665c-7aba-4aa9-867d-170f8f0eaa7c","Hair Treatment/Rebonding","hair-treatment-rebonding","Hair treatment and rebonding","6953bea9-f573-4e76-9243-97204e04c8d5",,true,3,"","Sun Nov 16 2025 02:16:14 GMT+0000 (Coordinated Universal Time)","Thu Dec 25 2025 02:39:45 GMT+0000 (Coordinated Universal Time)"
"9436e4ba-f613-4471-a487-ef0335c65df2","Home Workout Programs","home-workout-programs","Home-based workout programs","fbe8cb7e-a6ba-4c31-a373-03f78c101577",,true,3,"","Sun Nov 16 2025 02:16:14 GMT+0000 (Coordinated Universal Time)","Thu Dec 25 2025 02:39:45 GMT+0000 (Coordinated Universal Time)"
"b9cd6a53-a693-4b95-b545-475f95add759","Japanese Language","japanese-language","Japanese language lessons","d1109c0e-79b1-4284-8f21-66c1c1f9e466",,true,3,"","Sun Nov 16 2025 02:16:14 GMT+0000 (Coordinated Universal Time)","Thu Dec 25 2025 02:39:45 GMT+0000 (Coordinated Universal Time)"
"b350c308-be8d-4cf7-96f1-c0da3b6e316c","Lighting Services","lighting-services","Event lighting services","ff58f3d3-62a2-409d-8dd9-d14927567852",,true,3,"","Sun Nov 16 2025 02:16:14 GMT+0000 (Coordinated Universal Time)","Thu Dec 25 2025 02:39:45 GMT+0000 (Coordinated Universal Time)"
"7912253d-7139-480f-bd4a-47023ef9a9b5","Makeup Lessons","makeup-lessons","Makeup application lessons","e8cb028b-ca57-43ce-bd4b-c6f09e99bb56",,true,3,"","Sun Nov 16 2025 02:16:14 GMT+0000 (Coordinated Universal Time)","Thu Dec 25 2025 02:39:45 GMT+0000 (Coordinated Universal Time)"
"d5a02c72-3182-4d44-aac5-657cabb54684","Maternity Photography","maternity-photography","Maternity photography service","a3b3c3cb-0955-4407-818d-f5d9f8c57a16",,true,3,"","Sun Nov 16 2025 02:16:14 GMT+0000 (Coordinated Universal Time)","Thu Dec 25 2025 02:39:45 GMT+0000 (Coordinated Universal Time)"
"941b1b6d-7ffa-46d9-92a8-cc12c0c4efab","Meditation Coaching","meditation-coaching","Meditation coaching and guidance","412b6071-9892-4206-a8e0-e8c591aef6fc",,true,3,"","Sun Nov 16 2025 02:16:14 GMT+0000 (Coordinated Universal Time)","Thu Dec 25 2025 02:39:45 GMT+0000 (Coordinated Universal Time)"
"ceef30f9-15fa-49db-ac3f-c7d952f5aae5","Move-in/Move-out Cleaning","move-in-move-out-cleaning","Cleaning services for moving in or out","e25eb515-f274-4410-bda3-4a4959182b62",,true,3,"","Sun Nov 16 2025 02:16:14 GMT+0000 (Coordinated Universal Time)","Thu Dec 25 2025 02:39:45 GMT+0000 (Coordinated Universal Time)"
"fce2b485-fc65-453e-8fa3-c805ea190106","Nail Art","nail-art","Nail art design service","0b81879c-c979-4b2b-95db-9a54e9a0c67c",,true,3,"","Sun Nov 16 2025 02:16:14 GMT+0000 (Coordinated Universal Time)","Thu Dec 25 2025 02:39:45 GMT+0000 (Coordinated Universal Time)"
"8dd571e7-836e-48a0-a6da-d7e4c73d4009","Nutrition Consultation","nutrition-consultation","Nutrition consultation service","2a8ba88d-e60e-4a50-8775-5e844a61e6d7",,true,3,"","Sun Nov 16 2025 02:16:14 GMT+0000 (Coordinated Universal Time)","Thu Dec 25 2025 02:39:45 GMT+0000 (Coordinated Universal Time)"
"0c1169df-df50-47e8-a9af-2964655ed5db","Other Language Pairs","other-language-pairs","Other language pair translations","d6f30b84-b6b9-4f0f-9196-d6da1c636755",,true,3,"","Sun Nov 16 2025 02:16:14 GMT+0000 (Coordinated Universal Time)","Thu Dec 25 2025 02:39:45 GMT+0000 (Coordinated Universal Time)"
"3871ae88-f73c-405d-85d5-04a41e465f8f","Real Estate Photography","real-estate-photography","Real estate photography service","ebdaab0e-e639-4ca2-b882-86956cb9f8f3",,true,3,"","Sun Nov 16 2025 02:16:14 GMT+0000 (Coordinated Universal Time)","Thu Dec 25 2025 02:39:45 GMT+0000 (Coordinated Universal Time)"
"2d2d33e4-095a-4331-9a5c-9c35f2e4f68e","Roof Painting","roof-painting","Roof painting service","6be2bb95-28ab-40b9-9a5f-90defd2880dd",,true,3,"","Sun Nov 16 2025 02:16:14 GMT+0000 (Coordinated Universal Time)","Thu Dec 25 2025 02:39:45 GMT+0000 (Coordinated Universal Time)"
"553c7afa-f9f2-4f0d-b485-25f3c5e38a22","SEO Content Writing","seo-content-writing","SEO optimized content writing","27fc3756-287a-4571-a5fd-071015cc88ae",,true,3,"","Sun Nov 16 2025 02:16:14 GMT+0000 (Coordinated Universal Time)","Thu Dec 25 2025 02:39:45 GMT+0000 (Coordinated Universal Time)"
"444bab78-1433-46c0-a187-c76e142e0d86","Solar Panel Installation","solar-panel-installation","Solar panel installation service","e72cce0a-0263-4b26-8f23-1887a1e5e0d8",,true,3,"https://gigmarket.s3.ap-northeast-2.amazonaws.com/icons/service/Home+Services/Solar+Panel+Installation.png","Sun Nov 16 2025 02:16:14 GMT+0000 (Coordinated Universal Time)","Sat Jan 17 2026 02:14:26 GMT+0000 (Coordinated Universal Time)"
"d292886f-2861-4089-9167-f822afa9f0fd","Speech Writing","speech-writing","Speech writing service","5861dc0d-2e90-45cf-8435-6c249b60aa8a",,true,3,"","Sun Nov 16 2025 02:16:14 GMT+0000 (Coordinated Universal Time)","Thu Dec 25 2025 02:39:45 GMT+0000 (Coordinated Universal Time)"
"dceb38f9-b008-4436-9034-02f8aeab5728","Switch/Outlet Installation","switch-outlet-installation","Switch and outlet installation","e78214e6-483f-4f50-85f9-9db4e0bd967a",,true,3,"https://gigmarket.s3.ap-northeast-2.amazonaws.com/icons/service/Home+Services/Switch+and+Outlets+Installation.png","Sun Nov 16 2025 02:16:14 GMT+0000 (Coordinated Universal Time)","Sat Jan 17 2026 02:14:26 GMT+0000 (Coordinated Universal Time)"
"0136b2cb-67e3-448c-aa1d-50542841afe7","Texture Painting","texture-painting","Texture painting service","61259e2d-968a-4117-a531-67a49cfddfb5",,true,3,"","Sun Nov 16 2025 02:16:14 GMT+0000 (Coordinated Universal Time)","Thu Dec 25 2025 02:39:45 GMT+0000 (Coordinated Universal Time)"
"dded7334-4eed-4f77-b23e-39df03cfd434","Voice/Singing Lessons","voice-singing-lessons","Voice and singing lessons","892eee36-e829-48bb-b8d2-b38a5c4f9777",,true,3,"","Sun Nov 16 2025 02:16:14 GMT+0000 (Coordinated Universal Time)","Thu Dec 25 2025 02:39:45 GMT+0000 (Coordinated Universal Time)"
"4bc6ff88-13b6-4c08-98a6-5d99a2aa06a2","Water Pump Services","water-pump-services","Water pump installation and repair","afadf3c3-cb21-4a09-b263-2ac4d88082d7",,true,3,"https://gigmarket.s3.ap-northeast-2.amazonaws.com/icons/service/Home+Services/Water+Pump+Services.png","Sun Nov 16 2025 02:16:14 GMT+0000 (Coordinated Universal Time)","Sat Jan 17 2026 02:14:26 GMT+0000 (Coordinated Universal Time)"
"6af572ee-35e7-4dcc-8cdb-133b7497242c","Waxing Services","waxing-services","Waxing service","e18140b3-9461-47f5-a24d-cc806cec2a45",,true,3,"","Sun Nov 16 2025 02:16:14 GMT+0000 (Coordinated Universal Time)","Thu Dec 25 2025 02:39:45 GMT+0000 (Coordinated Universal Time)"
"1e9399a9-b5cb-406a-a234-0d14711e5c2d","Window Cleaning","window-cleaning","Window and glass cleaning service","c701e334-4dfb-4983-88ea-432d9477a249",,true,3,"","Sun Nov 16 2025 02:16:14 GMT+0000 (Coordinated Universal Time)","Thu Dec 25 2025 02:39:45 GMT+0000 (Coordinated Universal Time)"
"8d40ec98-3ab1-4b00-ad4c-f4228ad0fcde","Buffet Services","buffet-services","Buffet catering service","54c8b80b-ea11-440d-a0cc-74fe82eb3cc8",,true,4,"","Sun Nov 16 2025 02:16:14 GMT+0000 (Coordinated Universal Time)","Thu Dec 25 2025 02:39:45 GMT+0000 (Coordinated Universal Time)"
"9160896d-5019-4f18-8477-c7e31095cb99","Circuit Breaker Repair","circuit-breaker-repair","Circuit breaker repair and maintenance","e78214e6-483f-4f50-85f9-9db4e0bd967a",,true,4,"https://gigmarket.s3.ap-northeast-2.amazonaws.com/icons/service/Home+Services/Circuit+Breaker+Repair.png","Sun Nov 16 2025 02:16:14 GMT+0000 (Coordinated Universal Time)","Sat Jan 17 2026 02:14:26 GMT+0000 (Coordinated Universal Time)"
"71fffb36-ae49-4730-8060-4915679ac93f","Dance Lessons","dance-lessons","Dance lessons","3b82489c-5848-4765-8efe-0032ad334019",,true,4,"","Sun Nov 16 2025 02:16:14 GMT+0000 (Coordinated Universal Time)","Thu Dec 25 2025 02:39:45 GMT+0000 (Coordinated Universal Time)"
"96580f79-577d-4e3a-b6aa-e8dfb6770b06","Debut Photography","debut-photography","Debut photography service","0a29673e-6d00-419b-b87e-178f849c1666",,true,4,"","Sun Nov 16 2025 02:16:14 GMT+0000 (Coordinated Universal Time)","Thu Dec 25 2025 02:39:45 GMT+0000 (Coordinated Universal Time)"
"3b725772-e7bb-4da2-aa68-244f3eac78b6","Dessert Catering","dessert-catering","Dessert catering service","4aaa3c3c-1dd2-4e81-9681-d03bce76169e",,true,4,"","Sun Nov 16 2025 02:16:14 GMT+0000 (Coordinated Universal Time)","Thu Dec 25 2025 02:39:45 GMT+0000 (Coordinated Universal Time)"
"effd6d7d-486c-4f35-87fb-29620bb221ce","Diet Guidance","diet-guidance","Diet guidance and counseling","2a8ba88d-e60e-4a50-8775-5e844a61e6d7",,true,4,"","Sun Nov 16 2025 02:16:14 GMT+0000 (Coordinated Universal Time)","Thu Dec 25 2025 02:39:45 GMT+0000 (Coordinated Universal Time)"
"53b67980-c6dc-48e7-98c2-7ce8ccad88e2","Drums Lessons","drums-lessons","Drums lessons","892eee36-e829-48bb-b8d2-b38a5c4f9777",,true,4,"","Sun Nov 16 2025 02:16:14 GMT+0000 (Coordinated Universal Time)","Thu Dec 25 2025 02:39:45 GMT+0000 (Coordinated Universal Time)"
"c3d5eb25-4570-48a7-b8d1-1be07876e7c4","Exam Preparation","exam-preparation","Exam preparation (UPCAT, ACET, college entrance)","964f11f2-5f1b-435b-87cb-e6aa23a9fffe",,true,4,"","Sun Nov 16 2025 02:16:14 GMT+0000 (Coordinated Universal Time)","Thu Dec 25 2025 02:39:45 GMT+0000 (Coordinated Universal Time)"
"26ffd135-d11d-4a6f-9ddb-382e95c39644","Faucet/Fixture Installation","faucet-fixture-installation","Faucet and fixture installation","a2b2b03f-cb63-4515-bfd2-c972bbbdd0a7",,true,4,"https://gigmarket.s3.ap-northeast-2.amazonaws.com/icons/service/Home+Services/Faucet+and+Fixture+Installation.png","Sun Nov 16 2025 02:16:14 GMT+0000 (Coordinated Universal Time)","Sat Jan 17 2026 02:14:26 GMT+0000 (Coordinated Universal Time)"
"f476bb3e-c137-4d68-a808-1c6b52c15a6b","Flooring Installation (Wood)","flooring-installation-wood","Wood flooring installation","a0ffd398-27c6-4658-bcc1-46689b927c82",,true,4,"","Sun Nov 16 2025 02:16:14 GMT+0000 (Coordinated Universal Time)","Thu Dec 25 2025 02:39:45 GMT+0000 (Coordinated Universal Time)"
"86a0788e-9833-49a5-bbd6-282b756e0562","Generator Installation/Repair","generator-installation-repair","Generator installation and repair","e72cce0a-0263-4b26-8f23-1887a1e5e0d8",,true,4,"","Sun Nov 16 2025 02:16:14 GMT+0000 (Coordinated Universal Time)","Thu Dec 25 2025 02:39:45 GMT+0000 (Coordinated Universal Time)"
"80ff6052-5f9c-4b6b-960e-7b70b5628290","Graduation Photography","graduation-photography","Graduation photography service","a3b3c3cb-0955-4407-818d-f5d9f8c57a16",,true,4,"","Sun Nov 16 2025 02:16:14 GMT+0000 (Coordinated Universal Time)","Thu Dec 25 2025 02:39:45 GMT+0000 (Coordinated Universal Time)"
"8a6efa9d-e60e-4299-9ad9-9287eebfe1cf","Hair Styling for Events","hair-styling-events","Event hair styling service","6953bea9-f573-4e76-9243-97204e04c8d5",,true,4,"","Sun Nov 16 2025 02:16:14 GMT+0000 (Coordinated Universal Time)","Thu Dec 25 2025 02:39:45 GMT+0000 (Coordinated Universal Time)"
"0a9b5e04-1ce8-4bd6-978a-0424b184cd23","Installation/Relocation","installation-relocation","Aircon installation and relocation","69dc9439-439e-4460-a609-5721af301097",,true,4,"","Sun Nov 16 2025 02:16:14 GMT+0000 (Coordinated Universal Time)","Thu Dec 25 2025 02:39:45 GMT+0000 (Coordinated Universal Time)"
"564da3c5-2c30-4ee4-99b9-cefe3e75bd54","Magician/Entertainer","magician-entertainer","Magician and entertainer service","bf3ee765-ff73-42c7-b866-5af5b4b02389",,true,4,"","Sun Nov 16 2025 02:16:14 GMT+0000 (Coordinated Universal Time)","Thu Dec 25 2025 02:39:45 GMT+0000 (Coordinated Universal Time)"
"19d5a54d-a1c3-4457-b1ed-40e01c237cab","Mandarin Chinese","mandarin-chinese","Mandarin Chinese language lessons","d1109c0e-79b1-4284-8f21-66c1c1f9e466",,true,4,"","Sun Nov 16 2025 02:16:14 GMT+0000 (Coordinated Universal Time)","Thu Dec 25 2025 02:39:45 GMT+0000 (Coordinated Universal Time)"
"bdb14017-3889-4531-8d37-def025795ddf","Photo Booth Services","photo-booth-services","Photo booth rental service","ff58f3d3-62a2-409d-8dd9-d14927567852",,true,4,"","Sun Nov 16 2025 02:16:14 GMT+0000 (Coordinated Universal Time)","Thu Dec 25 2025 02:39:45 GMT+0000 (Coordinated Universal Time)"
"7f7383a9-895a-4a51-971a-8b3053217052","Post-construction Cleaning","post-construction-cleaning","Cleaning after construction or renovation","c701e334-4dfb-4983-88ea-432d9477a249",,true,4,"","Sun Nov 16 2025 02:16:14 GMT+0000 (Coordinated Universal Time)","Thu Dec 25 2025 02:39:45 GMT+0000 (Coordinated Universal Time)"
"2d5482f4-f53b-4e73-8219-72d7af224989","Product Descriptions","product-descriptions","Product description writing","27fc3756-287a-4571-a5fd-071015cc88ae",,true,4,"","Sun Nov 16 2025 02:16:14 GMT+0000 (Coordinated Universal Time)","Thu Dec 25 2025 02:39:45 GMT+0000 (Coordinated Universal Time)"
"fb562a79-a224-43af-9549-25a59a35c5bc","Shelving Installation","shelving-installation","Shelving installation service","af19d95c-7dd5-4045-bef5-216ca2e9b679",,true,4,"https://gigmarket.s3.ap-northeast-2.amazonaws.com/icons/service/Home+Services/Shelving+Installation.png","Sun Nov 16 2025 02:16:14 GMT+0000 (Coordinated Universal Time)","Sat Jan 17 2026 02:14:26 GMT+0000 (Coordinated Universal Time)"
"360e60a4-716d-4ae5-bcc1-b7f4efdf3d1e","Sports-specific Training","sports-specific-training","Training for specific sports","fbe8cb7e-a6ba-4c31-a373-03f78c101577",,true,4,"","Sun Nov 16 2025 02:16:14 GMT+0000 (Coordinated Universal Time)","Thu Dec 25 2025 02:39:45 GMT+0000 (Coordinated Universal Time)"
"17f4ed34-cde7-43e9-8991-f3dcc5693777","Spring Cleaning","spring-cleaning","Comprehensive seasonal spring cleaning","e25eb515-f274-4410-bda3-4a4959182b62",,true,4,"","Sun Nov 16 2025 02:16:14 GMT+0000 (Coordinated Universal Time)","Thu Dec 25 2025 02:39:45 GMT+0000 (Coordinated Universal Time)"
"c66f9383-4bda-4e70-86a4-84e21125a344","Trim/Molding Painting","trim-molding-painting","Trim and molding painting","8e340a5b-b925-4bca-8582-9a525492b815",,true,4,"","Sun Nov 16 2025 02:16:14 GMT+0000 (Coordinated Universal Time)","Thu Dec 25 2025 02:39:45 GMT+0000 (Coordinated Universal Time)"
"d7ad9473-095b-4768-ab4a-917b1548fa49","Waterproofing","waterproofing","Waterproofing services","afadf3c3-cb21-4a09-b263-2ac4d88082d7",,true,4,"https://gigmarket.s3.ap-northeast-2.amazonaws.com/icons/service/Home+Services/Waterproofing.png","Sun Nov 16 2025 02:16:14 GMT+0000 (Coordinated Universal Time)","Sat Jan 17 2026 02:14:26 GMT+0000 (Coordinated Universal Time)"
"11723dcb-d61d-4f1d-b177-5e1fa964eacc","Cabinet/Furniture Painting","cabinet-furniture-painting","Cabinet and furniture painting","8e340a5b-b925-4bca-8582-9a525492b815",,true,5,"","Sun Nov 16 2025 02:16:14 GMT+0000 (Coordinated Universal Time)","Thu Dec 25 2025 02:39:45 GMT+0000 (Coordinated Universal Time)"
"8ea9832a-d8f0-4ecf-9b55-edddba21421f","Christening/Baptism Photography","christening-baptism-photography","Christening and baptism photography","0a29673e-6d00-419b-b87e-178f849c1666",,true,5,"","Sun Nov 16 2025 02:16:14 GMT+0000 (Coordinated Universal Time)","Thu Dec 25 2025 02:39:45 GMT+0000 (Coordinated Universal Time)"
"6b9a634c-7a4f-4683-8d42-f1679bd359c1","Clown/Mascot for Kids Parties","clown-mascot-kids-parties","Clown and mascot services for kids parties","bf3ee765-ff73-42c7-b866-5af5b4b02389",,true,5,"","Sun Nov 16 2025 02:16:14 GMT+0000 (Coordinated Universal Time)","Thu Dec 25 2025 02:39:45 GMT+0000 (Coordinated Universal Time)"
"d7296dba-251c-4d39-ac51-9fd7b74e3be7","Coffee Bar Services","coffee-bar-services","Coffee bar catering service","4aaa3c3c-1dd2-4e81-9681-d03bce76169e",,true,5,"","Sun Nov 16 2025 02:16:14 GMT+0000 (Coordinated Universal Time)","Thu Dec 25 2025 02:39:45 GMT+0000 (Coordinated Universal Time)"
"6eeef9e4-ce78-4c6f-a30b-4e6ba932c17d","Deck Construction","deck-construction","Deck construction service","a0ffd398-27c6-4658-bcc1-46689b927c82",,true,5,"https://gigmarket.s3.ap-northeast-2.amazonaws.com/icons/service/Home+Services/Deck+Construction.png","Sun Nov 16 2025 02:16:14 GMT+0000 (Coordinated Universal Time)","Sat Jan 17 2026 02:14:26 GMT+0000 (Coordinated Universal Time)"
"91077c83-a632-48de-a5db-2c73730ad026","Electrical Safety Inspection","electrical-safety-inspection","Electrical safety inspection service","e72cce0a-0263-4b26-8f23-1887a1e5e0d8",,true,5,"https://gigmarket.s3.ap-northeast-2.amazonaws.com/icons/service/Home+Services/Electrical+Safety+Inspection.png","Sun Nov 16 2025 02:16:14 GMT+0000 (Coordinated Universal Time)","Sat Jan 17 2026 02:14:26 GMT+0000 (Coordinated Universal Time)"
"6e502093-e6d8-456d-90bc-687ad2f218f0","Electrical Troubleshooting","electrical-troubleshooting","Electrical problem diagnosis and troubleshooting","e78214e6-483f-4f50-85f9-9db4e0bd967a",,true,5,"https://gigmarket.s3.ap-northeast-2.amazonaws.com/icons/service/Home+Services/Electrical+Troubleshooting.png","Sun Nov 16 2025 02:16:14 GMT+0000 (Coordinated Universal Time)","Sat Jan 17 2026 02:14:26 GMT+0000 (Coordinated Universal Time)"
"54221b67-7398-4f03-a329-0f1980ef73e2","Office Cleaning","office-cleaning","Commercial office cleaning service","c701e334-4dfb-4983-88ea-432d9477a249",,true,5,"","Sun Nov 16 2025 02:16:14 GMT+0000 (Coordinated Universal Time)","Thu Dec 25 2025 02:39:45 GMT+0000 (Coordinated Universal Time)"
"ae890807-8f07-4cbc-8071-720e9156a5b6","Preventive Maintenance","preventive-maintenance","Regular preventive maintenance service","69dc9439-439e-4460-a609-5721af301097",,true,5,"","Sun Nov 16 2025 02:16:14 GMT+0000 (Coordinated Universal Time)","Thu Dec 25 2025 02:39:45 GMT+0000 (Coordinated Universal Time)"
"fef9405c-accb-4a8b-8f09-6ac9103f1bd2","Spanish Language","spanish-language","Spanish language lessons","d1109c0e-79b1-4284-8f21-66c1c1f9e466",,true,5,"","Sun Nov 16 2025 02:16:14 GMT+0000 (Coordinated Universal Time)","Thu Dec 25 2025 02:39:45 GMT+0000 (Coordinated Universal Time)"
"85ac839e-7c89-40b4-ae81-76c70368241f","Toilet Repair/Replacement","toilet-repair-replacement","Toilet repair and replacement service","a2b2b03f-cb63-4515-bfd2-c972bbbdd0a7",,true,5,"https://gigmarket.s3.ap-northeast-2.amazonaws.com/icons/service/Home+Services/Toilet+Repair+and+Replacement.png","Sun Nov 16 2025 02:16:14 GMT+0000 (Coordinated Universal Time)","Sat Jan 17 2026 02:14:26 GMT+0000 (Coordinated Universal Time)"
"977f718d-bed8-41e7-b516-6592d432fe4c","Violin Lessons","violin-lessons","Violin lessons","892eee36-e829-48bb-b8d2-b38a5c4f9777",,true,5,"","Sun Nov 16 2025 02:16:14 GMT+0000 (Coordinated Universal Time)","Thu Dec 25 2025 02:39:45 GMT+0000 (Coordinated Universal Time)"
"0de0b784-12a4-4545-ab13-fb96a766e99f","Weight Loss Programs","weight-loss-programs","Weight loss training programs","fbe8cb7e-a6ba-4c31-a373-03f78c101577",,true,5,"","Sun Nov 16 2025 02:16:14 GMT+0000 (Coordinated Universal Time)","Thu Dec 25 2025 02:39:45 GMT+0000 (Coordinated Universal Time)"
"d5f93733-6a07-4336-b211-bba339ab7b55","Disinfection Services","disinfection-services","Professional disinfection and sanitization","c701e334-4dfb-4983-88ea-432d9477a249",,true,6,"","Sun Nov 16 2025 02:16:14 GMT+0000 (Coordinated Universal Time)","Thu Dec 25 2025 02:39:45 GMT+0000 (Coordinated Universal Time)"